-- --------------------------------------------------------
-- Hôte :                        127.0.0.1
-- Version du serveur:           5.7.23 - MySQL Community Server (GPL)
-- SE du serveur:                Win64
-- HeidiSQL Version:             10.1.0.5464
-- --------------------------------------------------------

/*!40101 SET @OLD_CHARACTER_SET_CLIENT=@@CHARACTER_SET_CLIENT */;
/*!40101 SET NAMES utf8 */;
/*!50503 SET NAMES utf8mb4 */;
/*!40014 SET @OLD_FOREIGN_KEY_CHECKS=@@FOREIGN_KEY_CHECKS, FOREIGN_KEY_CHECKS=0 */;
/*!40101 SET @OLD_SQL_MODE=@@SQL_MODE, SQL_MODE='NO_AUTO_VALUE_ON_ZERO' */;


-- Listage de la structure de la base pour cannesisup
DROP DATABASE IF EXISTS `cannesisup`;
CREATE DATABASE IF NOT EXISTS `cannesisup` /*!40100 DEFAULT CHARACTER SET utf8 */;
USE `cannesisup`;

-- Listage de la structure de la table cannesisup. activites
DROP TABLE IF EXISTS `activites`;
CREATE TABLE IF NOT EXISTS `activites` (
  `id` int(11) NOT NULL AUTO_INCREMENT,
  `nom` varchar(100) NOT NULL,
  `nbre_max` int(11) DEFAULT NULL,
  PRIMARY KEY (`id`)
) ENGINE=InnoDB AUTO_INCREMENT=28 DEFAULT CHARSET=utf8;

-- Listage des données de la table cannesisup.activites : ~27 rows (environ)
/*!40000 ALTER TABLE `activites` DISABLE KEYS */;
INSERT INTO `activites` (`id`, `nom`, `nbre_max`) VALUES
	(1, 'Charisme et Leadership', 12),
	(2, 'Ping-Pong', 12),
	(3, 'Référencement Google par BRAINYUP', 12),
	(4, 'Quiz Cinéma par ADASTRA FILMS', 12),
	(5, 'Branding : comment valoriser votre marque par COULEUR VELVET', 12),
	(6, 'Storytelling', 12),
	(7, 'Gastronomie azuréenne - Live cooking par MONPANIERBLEU.COM', 12),
	(8, 'Visite guidée : "Le Masque de fer : un secret d\'Etat?"', 12),
	(9, 'Yoga par ETOILES DES SABLES', 12),
	(10, 'Biodiversité & Environnement par le CPIE', 12),
	(11, 'Atelier des sens par LES CONFISERIES FLORIAN', 12),
	(12, 'Poker par ALPHA CONSEILS', 12),
	(13, 'Massages (contre 1 jeton !)', 12),
	(14, 'Basket par O\'SOL', 12),
	(15, 'Pétanque par BLUE BEACON', 12),
	(16, 'Kayak', 12),
	(17, 'Paddle', 12),
	(18, 'Tir à l\'arc', 12),
	(19, 'Parcours de santé par ENEDIS et CROSSFIT CANNES', 12),
	(20, 'Assurance par GAN', 12),
	(21, 'Comptabilité Gestion par PEPIT', 12),
	(22, 'Météo par SELERYS', 12),
	(23, 'Réseaux Sociaux', 12),
	(24, 'Création et quizz parfum par MOLINARD et ROBERTET', 12),
	(25, 'Whimsifoil : volez au-dessus de l\'eau !', 12),
	(26, 'Droit de l’innovation par EY VENTURY AVOCATS', 12),
	(27, 'Casse-tête par Enigm\'art', 12);
/*!40000 ALTER TABLE `activites` ENABLE KEYS */;

-- Listage de la structure de la table cannesisup. activites_plageshoraires_nbplaces
DROP TABLE IF EXISTS `activites_plageshoraires_nbplaces`;
CREATE TABLE IF NOT EXISTS `activites_plageshoraires_nbplaces` (
  `id` int(11) NOT NULL AUTO_INCREMENT,
  `idActivites` int(11) DEFAULT NULL,
  `idPlages_horaires` int(11) DEFAULT NULL,
  `nbPlaces` int(11) DEFAULT NULL,
  PRIMARY KEY (`id`),
  KEY `FK_activites_plageshoraires_nbplaces_activites` (`idActivites`),
  KEY `FK_activites_plageshoraires_nbplaces_plages_horaires` (`idPlages_horaires`),
  CONSTRAINT `FK_activites_plageshoraires_nbplaces_activites` FOREIGN KEY (`idActivites`) REFERENCES `activites` (`id`),
  CONSTRAINT `FK_activites_plageshoraires_nbplaces_plages_horaires` FOREIGN KEY (`idPlages_horaires`) REFERENCES `plages_horaires` (`id`)
) ENGINE=InnoDB AUTO_INCREMENT=136 DEFAULT CHARSET=utf8;

-- Listage des données de la table cannesisup.activites_plageshoraires_nbplaces : ~135 rows (environ)
/*!40000 ALTER TABLE `activites_plageshoraires_nbplaces` DISABLE KEYS */;
INSERT INTO `activites_plageshoraires_nbplaces` (`id`, `idActivites`, `idPlages_horaires`, `nbPlaces`) VALUES
	(1, 1, 1, 0),
	(2, 1, 2, 0),
	(3, 1, 4, 6),
	(4, 1, 5, 9),
	(5, 1, 6, 6),
	(6, 2, 1, 0),
	(7, 2, 2, 0),
	(8, 2, 4, 0),
	(9, 2, 5, 0),
	(10, 2, 6, 0),
	(11, 3, 1, 0),
	(12, 3, 2, 0),
	(13, 3, 4, 0),
	(14, 3, 5, 0),
	(15, 3, 6, 0),
	(16, 4, 1, 0),
	(17, 4, 2, 0),
	(18, 4, 4, 0),
	(19, 4, 5, 0),
	(20, 4, 6, 0),
	(21, 5, 1, 3),
	(22, 5, 2, 4),
	(23, 5, 4, 0),
	(24, 5, 5, 0),
	(25, 5, 6, 0),
	(26, 6, 1, 0),
	(27, 6, 2, 0),
	(28, 6, 4, 0),
	(29, 6, 5, 4),
	(30, 6, 6, 1),
	(31, 7, 1, 0),
	(32, 7, 2, 0),
	(33, 7, 4, 0),
	(34, 7, 5, 0),
	(35, 7, 6, 0),
	(36, 8, 1, 2),
	(37, 8, 2, 0),
	(38, 8, 4, 0),
	(39, 8, 5, 6),
	(40, 8, 6, 3),
	(41, 9, 1, 5),
	(42, 9, 2, 0),
	(43, 9, 4, 1),
	(44, 9, 5, 0),
	(45, 9, 6, 5),
	(46, 10, 1, 1),
	(47, 10, 2, 3),
	(48, 10, 4, 0),
	(49, 10, 5, 0),
	(50, 10, 6, 4),
	(51, 11, 1, 0),
	(52, 11, 2, 0),
	(53, 11, 4, 0),
	(54, 11, 5, 0),
	(55, 11, 6, 6),
	(56, 12, 1, 5),
	(57, 12, 2, 0),
	(58, 12, 4, 3),
	(59, 12, 5, 4),
	(60, 12, 6, 6),
	(61, 13, 1, 0),
	(62, 13, 2, 0),
	(63, 13, 4, 0),
	(64, 13, 5, 1),
	(65, 13, 6, 7),
	(66, 14, 1, 4),
	(67, 14, 2, 4),
	(68, 14, 4, 0),
	(69, 14, 5, 2),
	(70, 14, 6, 5),
	(71, 15, 1, 0),
	(72, 15, 2, 0),
	(73, 15, 4, 0),
	(74, 15, 5, 0),
	(75, 15, 6, 0),
	(76, 16, 1, 3),
	(77, 16, 2, 3),
	(78, 16, 4, 4),
	(79, 16, 5, 2),
	(80, 16, 6, 5),
	(81, 17, 1, 0),
	(82, 17, 2, 0),
	(83, 17, 4, 0),
	(84, 17, 5, 0),
	(85, 17, 6, 0),
	(86, 18, 1, 0),
	(87, 18, 2, 0),
	(88, 18, 4, 0),
	(89, 18, 5, 0),
	(90, 18, 6, 0),
	(91, 19, 1, 0),
	(92, 19, 2, 2),
	(93, 19, 4, 1),
	(94, 19, 5, 2),
	(95, 19, 6, 8),
	(96, 20, 1, 0),
	(97, 20, 2, 0),
	(98, 20, 4, 2),
	(99, 20, 5, 8),
	(100, 20, 6, 5),
	(101, 21, 1, 0),
	(102, 21, 2, 1),
	(103, 21, 4, 0),
	(104, 21, 5, 0),
	(105, 21, 6, 3),
	(106, 22, 1, 0),
	(107, 22, 2, 0),
	(108, 22, 4, 0),
	(109, 22, 5, 0),
	(110, 22, 6, 0),
	(111, 23, 1, 0),
	(112, 23, 2, 0),
	(113, 23, 4, 0),
	(114, 23, 5, 0),
	(115, 23, 6, 4),
	(116, 24, 1, 0),
	(117, 24, 2, 0),
	(118, 24, 4, 0),
	(119, 24, 5, 0),
	(120, 24, 6, 0),
	(121, 25, 1, 0),
	(122, 25, 2, 0),
	(123, 25, 4, 0),
	(124, 25, 5, 0),
	(125, 25, 6, 4),
	(126, 26, 1, 0),
	(127, 26, 2, 0),
	(128, 26, 4, 0),
	(129, 26, 5, 0),
	(130, 26, 6, 0),
	(131, 27, 1, 0),
	(132, 27, 2, 0),
	(133, 27, 4, 2),
	(134, 27, 5, 0),
	(135, 27, 6, 9);
/*!40000 ALTER TABLE `activites_plageshoraires_nbplaces` ENABLE KEYS */;

-- Listage de la structure de la table cannesisup. participants
DROP TABLE IF EXISTS `participants`;
CREATE TABLE IF NOT EXISTS `participants` (
  `id` int(11) NOT NULL AUTO_INCREMENT,
  `prenom` varchar(100) DEFAULT NULL,
  `nom` varchar(100) DEFAULT NULL,
  `afterwork` varchar(255) DEFAULT NULL,
  `email` varchar(255) DEFAULT NULL,
  `dodo` varchar(255) DEFAULT NULL,
  `entreprise` varchar(255) DEFAULT NULL,
  `lunchPack` varchar(255) DEFAULT NULL,
  `activite_1` int(11) DEFAULT NULL,
  `activite_2` int(11) DEFAULT NULL,
  `activite_3` int(11) DEFAULT NULL,
  `activite_4` int(11) DEFAULT NULL,
  `activite_5` int(11) DEFAULT NULL,
  PRIMARY KEY (`id`),
  KEY `FK_participants_activites` (`activite_1`),
  KEY `FK_participants_activites_2` (`activite_2`),
  KEY `FK_participants_activites_3` (`activite_3`),
  KEY `FK_participants_activites_4` (`activite_4`),
  KEY `FK_participants_activites_5` (`activite_5`),
  CONSTRAINT `FK_participants_activites` FOREIGN KEY (`activite_1`) REFERENCES `activites` (`id`),
  CONSTRAINT `FK_participants_activites_2` FOREIGN KEY (`activite_2`) REFERENCES `activites` (`id`),
  CONSTRAINT `FK_participants_activites_3` FOREIGN KEY (`activite_3`) REFERENCES `activites` (`id`),
  CONSTRAINT `FK_participants_activites_4` FOREIGN KEY (`activite_4`) REFERENCES `activites` (`id`),
  CONSTRAINT `FK_participants_activites_5` FOREIGN KEY (`activite_5`) REFERENCES `activites` (`id`)
) ENGINE=InnoDB AUTO_INCREMENT=467 DEFAULT CHARSET=utf8;

-- Listage des données de la table cannesisup.participants : ~466 rows (environ)
/*!40000 ALTER TABLE `participants` DISABLE KEYS */;
INSERT INTO `participants` (`id`, `prenom`, `nom`, `afterwork`, `email`, `dodo`, `entreprise`, `lunchPack`, `activite_1`, `activite_2`, `activite_3`, `activite_4`, `activite_5`) VALUES
	(1, 'Arnaud', 'GOVAERTS', 'Activités + Afterwork (à partir de 9h30 jusqu\'à 23h) - SELECTIONNEZ POUR FAIRE AFFICHER LA REDUCTION', 'arnaud.govaerts@exco.fr', 'Acheté', 'EXCO', 'Salades pâtes, thon, tomates, olives et basilic', 27, 24, 22, 4, 11),
	(2, 'Laurent', 'Chanzy', 'Activités + Afterwork (à partir de 9h30 jusqu\'à 23h) - SELECTIONNEZ POUR FAIRE AFFICHER LA REDUCTION', 'lchanzy@gmail.com', 'Acheté', 'Scoro developpement', 'Sandwich tomates/mozza/salade', 27, 2, 3, 18, 11),
	(3, 'Maxime', 'OLLAGNIER', 'Activités + Afterwork (à partir de 9h30 jusqu\'à 23h) - SELECTIONNEZ POUR FAIRE AFFICHER LA REDUCTION\nContinuer la fête et dormir sur l\'île (23h - 8h)', 'maxime.ollagnier@gmail.com', 'Acheté', 'OLLAGNIER S.I.', 'Salades pâtes, thon, tomates, olives et basilic', 1, 15, 24, 26, 23),
	(4, 'Jean-michel', 'DECROUY', 'Activités + Afterwork (à partir de 9h30 jusqu\'à 23h) - SELECTIONNEZ POUR FAIRE AFFICHER LA REDUCTION', 'jmd@creactive06.org', 'Acheté', 'Créactive 06', 'Sandwich jambon beurre gruyère', 2, 18, 7, 22, 27),
	(5, 'Jeremie', 'COLLIN DE L HORTET', 'Activités + Afterwork (à partir de 9h30 jusqu\'à 23h) - SELECTIONNEZ POUR FAIRE AFFICHER LA REDUCTION\nContinuer la fête et dormir sur l\'île (23h - 8h)', 'jeremie.collindelhortet@gmail.com', 'Acheté', 'CopWork', 'Salades pâtes, thon, tomates, olives et basilic', 7, 17, 15, 4, 13),
	(6, 'Emmanuel', 'PONÇON', 'Activités + Afterwork (à partir de 9h30 jusqu\'à 23h) - SELECTIONNEZ POUR FAIRE AFFICHER LA REDUCTION', 'ep@gps-gestion.fr', 'Acheté', 'GPS Gestion Performance Service', 'Salades pâtes, thon, tomates, olives et basilic', 26, 5, 26, 4, 11),
	(7, 'Chris', 'Masse', 'Activités + Afterwork (à partir de 9h30 jusqu\'à 23h) - SELECTIONNEZ POUR FAIRE AFFICHER LA REDUCTION', 'chrisfmasse@gmail.com', 'Acheté', 'Space-Time Master', 'Salades pâtes, thon, tomates, olives et basilic', 6, 24, 6, 10, 12),
	(8, 'Sébastien', 'AUBERT', 'Activités + Afterwork (à partir de 9h30 jusqu\'à 23h) - SELECTIONNEZ POUR FAIRE AFFICHER LA REDUCTION\nContinuer la fête et dormir sur l\'île (23h - 8h)', 's.aubert@adastra-films.com', 'Acheté', '', 'Salades pâtes, thon, tomates, olives et basilic', 21, 6, 5, 23, 1),
	(9, 'Leslie', 'Jacob', 'Afterwork uniquement (18h - 23h) - SELECTIONNEZ POUR FAIRE AFFICHER LA REDUCTION', 's.aubert@adastra-films.com', '', '', 'Sandwich jambon beurre gruyère', NULL, NULL, NULL, NULL, NULL),
	(10, 'Jeremie', 'COLLIN DE L HORTET', 'Activités + Afterwork (à partir de 9h30 jusqu\'à 23h) - SELECTIONNEZ POUR FAIRE AFFICHER LA REDUCTION\nContinuer la fête et dormir sur l\'île (23h - 8h)', 'jeremie.collindelhortet@gmail.com', 'Acheté', 'CopWork', 'Salades pâtes, thon, tomates, olives et basilic', 27, 2, 2, 11, 2),
	(11, 'Leslie', 'Jacob', 'Afterwork uniquement (18h - 23h) - SELECTIONNEZ POUR FAIRE AFFICHER LA REDUCTION', 's.aubert@adastra-films.com', '', '', 'Sandwich jambon beurre gruyère', NULL, NULL, NULL, NULL, NULL),
	(12, 'Leslie', 'Jacob', 'Afterwork uniquement (18h - 23h) - SELECTIONNEZ POUR FAIRE AFFICHER LA REDUCTION', 's.aubert@adastra-films.com', '', '', 'Sandwich jambon beurre gruyère', NULL, NULL, NULL, NULL, NULL),
	(13, 'Leslie', 'Jacob', 'Afterwork uniquement (18h - 23h) - SELECTIONNEZ POUR FAIRE AFFICHER LA REDUCTION', 's.aubert@adastra-films.com', '', '', 'Sandwich jambon beurre gruyère', NULL, NULL, NULL, NULL, NULL),
	(14, 'Leslie', 'Jacob', 'Afterwork uniquement (18h - 23h) - SELECTIONNEZ POUR FAIRE AFFICHER LA REDUCTION', 's.aubert@adastra-films.com', '', '', 'Sandwich jambon beurre gruyère', NULL, NULL, NULL, NULL, NULL),
	(15, 'Leslie', 'Jacob', 'Afterwork uniquement (18h - 23h) - SELECTIONNEZ POUR FAIRE AFFICHER LA REDUCTION', 's.aubert@adastra-films.com', '', '', 'Sandwich jambon beurre gruyère', NULL, NULL, NULL, NULL, NULL),
	(16, 'Leslie', 'Jacob', 'Afterwork uniquement (18h - 23h) - SELECTIONNEZ POUR FAIRE AFFICHER LA REDUCTION', 's.aubert@adastra-films.com', '', '', 'Sandwich jambon beurre gruyère', NULL, NULL, NULL, NULL, NULL),
	(17, 'Leslie', 'Jacob', 'Afterwork uniquement (18h - 23h) - SELECTIONNEZ POUR FAIRE AFFICHER LA REDUCTION', 's.aubert@adastra-films.com', '', '', 'Sandwich jambon beurre gruyère', NULL, NULL, NULL, NULL, NULL),
	(18, 'Leslie', 'Jacob', 'Afterwork uniquement (18h - 23h) - SELECTIONNEZ POUR FAIRE AFFICHER LA REDUCTION', 's.aubert@adastra-films.com', '', '', 'Sandwich jambon beurre gruyère', NULL, NULL, NULL, NULL, NULL),
	(19, 'Leslie', 'Jacob', 'Afterwork uniquement (18h - 23h) - SELECTIONNEZ POUR FAIRE AFFICHER LA REDUCTION', 's.aubert@adastra-films.com', '', '', 'Sandwich jambon beurre gruyère', NULL, NULL, NULL, NULL, NULL),
	(20, 'Leslie', 'Jacob', 'Afterwork uniquement (18h - 23h) - SELECTIONNEZ POUR FAIRE AFFICHER LA REDUCTION', 's.aubert@adastra-films.com', '', '', 'Sandwich jambon beurre gruyère', NULL, NULL, NULL, NULL, NULL),
	(21, 'Leslie', 'Jacob', 'Afterwork uniquement (18h - 23h) - SELECTIONNEZ POUR FAIRE AFFICHER LA REDUCTION', 's.aubert@adastra-films.com', '', '', 'Sandwich jambon beurre gruyère', NULL, NULL, NULL, NULL, NULL),
	(22, 'Leslie', 'Jacob', 'Afterwork uniquement (18h - 23h) - SELECTIONNEZ POUR FAIRE AFFICHER LA REDUCTION', 's.aubert@adastra-films.com', '', '', 'Sandwich jambon beurre gruyère', NULL, NULL, NULL, NULL, NULL),
	(23, 'Leslie', 'Jacob', 'Afterwork uniquement (18h - 23h) - SELECTIONNEZ POUR FAIRE AFFICHER LA REDUCTION', 's.aubert@adastra-films.com', '', '', 'Sandwich jambon beurre gruyère', NULL, NULL, NULL, NULL, NULL),
	(24, 'Leslie', 'Jacob', 'Afterwork uniquement (18h - 23h) - SELECTIONNEZ POUR FAIRE AFFICHER LA REDUCTION', 's.aubert@adastra-films.com', '', '', 'Sandwich jambon beurre gruyère', NULL, NULL, NULL, NULL, NULL),
	(25, 'Leslie', 'Jacob', 'Afterwork uniquement (18h - 23h) - SELECTIONNEZ POUR FAIRE AFFICHER LA REDUCTION', 's.aubert@adastra-films.com', '', '', 'Sandwich jambon beurre gruyère', NULL, NULL, NULL, NULL, NULL),
	(26, 'Leslie', 'Jacob', 'Afterwork uniquement (18h - 23h) - SELECTIONNEZ POUR FAIRE AFFICHER LA REDUCTION', 's.aubert@adastra-films.com', '', '', 'Sandwich jambon beurre gruyère', NULL, NULL, NULL, NULL, NULL),
	(27, 'Leslie', 'Jacob', 'Afterwork uniquement (18h - 23h) - SELECTIONNEZ POUR FAIRE AFFICHER LA REDUCTION', 's.aubert@adastra-films.com', '', '', 'Sandwich jambon beurre gruyère', NULL, NULL, NULL, NULL, NULL),
	(28, 'Leslie', 'Jacob', 'Afterwork uniquement (18h - 23h) - SELECTIONNEZ POUR FAIRE AFFICHER LA REDUCTION', 's.aubert@adastra-films.com', '', '', 'Sandwich jambon beurre gruyère', NULL, NULL, NULL, NULL, NULL),
	(29, 'Leslie', 'Jacob', 'Afterwork uniquement (18h - 23h) - SELECTIONNEZ POUR FAIRE AFFICHER LA REDUCTION', 's.aubert@adastra-films.com', '', '', 'Sandwich jambon beurre gruyère', NULL, NULL, NULL, NULL, NULL),
	(30, 'Leslie', 'Jacob', 'Afterwork uniquement (18h - 23h) - SELECTIONNEZ POUR FAIRE AFFICHER LA REDUCTION', 's.aubert@adastra-films.com', '', '', 'Sandwich jambon beurre gruyère', NULL, NULL, NULL, NULL, NULL),
	(31, 'Leslie', 'Jacob', 'Afterwork uniquement (18h - 23h) - SELECTIONNEZ POUR FAIRE AFFICHER LA REDUCTION', 's.aubert@adastra-films.com', '', '', 'Sandwich jambon beurre gruyère', NULL, NULL, NULL, NULL, NULL),
	(32, 'Leslie', 'Jacob', 'Afterwork uniquement (18h - 23h) - SELECTIONNEZ POUR FAIRE AFFICHER LA REDUCTION', 's.aubert@adastra-films.com', '', '', 'Sandwich jambon beurre gruyère', NULL, NULL, NULL, NULL, NULL),
	(33, 'Leslie', 'Jacob', 'Afterwork uniquement (18h - 23h) - SELECTIONNEZ POUR FAIRE AFFICHER LA REDUCTION', 's.aubert@adastra-films.com', '', '', 'Sandwich jambon beurre gruyère', NULL, NULL, NULL, NULL, NULL),
	(34, 'Leslie', 'Jacob', 'Afterwork uniquement (18h - 23h) - SELECTIONNEZ POUR FAIRE AFFICHER LA REDUCTION', 's.aubert@adastra-films.com', '', '', 'Sandwich jambon beurre gruyère', NULL, NULL, NULL, NULL, NULL),
	(35, 'Leslie', 'Jacob', 'Afterwork uniquement (18h - 23h) - SELECTIONNEZ POUR FAIRE AFFICHER LA REDUCTION', 's.aubert@adastra-films.com', '', '', 'Sandwich jambon beurre gruyère', NULL, NULL, NULL, NULL, NULL),
	(36, 'Leslie', 'Jacob', 'Afterwork uniquement (18h - 23h) - SELECTIONNEZ POUR FAIRE AFFICHER LA REDUCTION', 's.aubert@adastra-films.com', '', '', 'Sandwich jambon beurre gruyère', NULL, NULL, NULL, NULL, NULL),
	(37, 'Leslie', 'Jacob', 'Afterwork uniquement (18h - 23h) - SELECTIONNEZ POUR FAIRE AFFICHER LA REDUCTION', 's.aubert@adastra-films.com', '', '', 'Sandwich jambon beurre gruyère', NULL, NULL, NULL, NULL, NULL),
	(38, 'Leslie', 'Jacob', 'Afterwork uniquement (18h - 23h) - SELECTIONNEZ POUR FAIRE AFFICHER LA REDUCTION', 's.aubert@adastra-films.com', '', '', 'Sandwich jambon beurre gruyère', NULL, NULL, NULL, NULL, NULL),
	(39, 'Jeremie', 'COLLIN DE L HORTET', 'Activités + Afterwork (à partir de 9h30 jusqu\'à 23h) - SELECTIONNEZ POUR FAIRE AFFICHER LA REDUCTION\nContinuer la fête et dormir sur l\'île (23h - 8h)', 'jeremie.collindelhortet@gmail.com', 'Acheté', 'CopWork', 'Salades pâtes, thon, tomates, olives et basilic', 12, 12, 17, 24, 25),
	(40, 'Jeremie', 'COLLIN DE L HORTET', 'Activités + Afterwork (à partir de 9h30 jusqu\'à 23h) - SELECTIONNEZ POUR FAIRE AFFICHER LA REDUCTION\nContinuer la fête et dormir sur l\'île (23h - 8h)', 'jeremie.collindelhortet@gmail.com', 'Acheté', 'CopWork', 'Salades pâtes, thon, tomates, olives et basilic', 3, 4, 2, 7, 15),
	(41, 'Jeremie', 'COLLIN DE L HORTET', 'Activités + Afterwork (à partir de 9h30 jusqu\'à 23h) - SELECTIONNEZ POUR FAIRE AFFICHER LA REDUCTION\nContinuer la fête et dormir sur l\'île (23h - 8h)', 'jeremie.collindelhortet@gmail.com', 'Acheté', 'CopWork', 'Salades pâtes, thon, tomates, olives et basilic', 3, 7, 8, 13, 25),
	(42, 'Jeremie', 'COLLIN DE L HORTET', 'Activités + Afterwork (à partir de 9h30 jusqu\'à 23h) - SELECTIONNEZ POUR FAIRE AFFICHER LA REDUCTION\nContinuer la fête et dormir sur l\'île (23h - 8h)', 'jeremie.collindelhortet@gmail.com', 'Acheté', 'CopWork', 'Salades pâtes, thon, tomates, olives et basilic', 7, 20, 7, 16, 25),
	(43, 'Jeremie', 'COLLIN DE L HORTET', 'Activités + Afterwork (à partir de 9h30 jusqu\'à 23h) - SELECTIONNEZ POUR FAIRE AFFICHER LA REDUCTION\nContinuer la fête et dormir sur l\'île (23h - 8h)', 'jeremie.collindelhortet@gmail.com', 'Acheté', 'CopWork', 'Salades pâtes, thon, tomates, olives et basilic', 25, 3, 9, 16, 24),
	(44, 'Jeremie', 'COLLIN DE L HORTET', 'Activités + Afterwork (à partir de 9h30 jusqu\'à 23h) - SELECTIONNEZ POUR FAIRE AFFICHER LA REDUCTION\nContinuer la fête et dormir sur l\'île (23h - 8h)', 'jeremie.collindelhortet@gmail.com', 'Acheté', 'CopWork', 'Salades pâtes, thon, tomates, olives et basilic', 24, 6, 26, 2, 17),
	(45, 'Jeremie', 'COLLIN DE L HORTET', 'Activités + Afterwork (à partir de 9h30 jusqu\'à 23h) - SELECTIONNEZ POUR FAIRE AFFICHER LA REDUCTION\nContinuer la fête et dormir sur l\'île (23h - 8h)', 'jeremie.collindelhortet@gmail.com', 'Acheté', 'CopWork', 'Salades pâtes, thon, tomates, olives et basilic', 18, 21, 21, 17, 14),
	(46, 'Jeremie', 'COLLIN DE L HORTET', 'Activités + Afterwork (à partir de 9h30 jusqu\'à 23h) - SELECTIONNEZ POUR FAIRE AFFICHER LA REDUCTION\nContinuer la fête et dormir sur l\'île (23h - 8h)', 'jeremie.collindelhortet@gmail.com', 'Acheté', 'CopWork', 'Salades pâtes, thon, tomates, olives et basilic', 19, 6, 25, 22, 15),
	(47, 'Jeremie', 'COLLIN DE L HORTET', 'Activités + Afterwork (à partir de 9h30 jusqu\'à 23h) - SELECTIONNEZ POUR FAIRE AFFICHER LA REDUCTION\nContinuer la fête et dormir sur l\'île (23h - 8h)', 'jeremie.collindelhortet@gmail.com', 'Acheté', 'CopWork', 'Salades pâtes, thon, tomates, olives et basilic', 13, 17, 12, 9, 9),
	(48, 'Jeremie', 'COLLIN DE L HORTET', 'Activités + Afterwork (à partir de 9h30 jusqu\'à 23h) - SELECTIONNEZ POUR FAIRE AFFICHER LA REDUCTION\nContinuer la fête et dormir sur l\'île (23h - 8h)', 'jeremie.collindelhortet@gmail.com', 'Acheté', 'CopWork', 'Salades pâtes, thon, tomates, olives et basilic', 7, 15, 9, 5, 22),
	(49, 'Jeremie', 'COLLIN DE L HORTET', 'Activités + Afterwork (à partir de 9h30 jusqu\'à 23h) - SELECTIONNEZ POUR FAIRE AFFICHER LA REDUCTION\nContinuer la fête et dormir sur l\'île (23h - 8h)', 'jeremie.collindelhortet@gmail.com', 'Acheté', 'CopWork', 'Salades pâtes, thon, tomates, olives et basilic', 23, 24, 6, 20, 7),
	(50, 'Jeremie', 'COLLIN DE L HORTET', 'Activités + Afterwork (à partir de 9h30 jusqu\'à 23h) - SELECTIONNEZ POUR FAIRE AFFICHER LA REDUCTION\nContinuer la fête et dormir sur l\'île (23h - 8h)', 'jeremie.collindelhortet@gmail.com', 'Acheté', 'CopWork', 'Salades pâtes, thon, tomates, olives et basilic', 12, 22, 5, 7, 19),
	(51, 'Jeremie', 'COLLIN DE L HORTET', 'Activités + Afterwork (à partir de 9h30 jusqu\'à 23h) - SELECTIONNEZ POUR FAIRE AFFICHER LA REDUCTION\nContinuer la fête et dormir sur l\'île (23h - 8h)', 'jeremie.collindelhortet@gmail.com', 'Acheté', 'CopWork', 'Salades pâtes, thon, tomates, olives et basilic', 18, 9, 5, 1, 20),
	(52, 'Jeremie', 'COLLIN DE L HORTET', 'Activités + Afterwork (à partir de 9h30 jusqu\'à 23h) - SELECTIONNEZ POUR FAIRE AFFICHER LA REDUCTION\nContinuer la fête et dormir sur l\'île (23h - 8h)', 'jeremie.collindelhortet@gmail.com', 'Acheté', 'CopWork', 'Salades pâtes, thon, tomates, olives et basilic', 1, 6, 8, 10, 15),
	(53, 'Jeremie', 'COLLIN DE L HORTET', 'Activités + Afterwork (à partir de 9h30 jusqu\'à 23h) - SELECTIONNEZ POUR FAIRE AFFICHER LA REDUCTION\nContinuer la fête et dormir sur l\'île (23h - 8h)', 'jeremie.collindelhortet@gmail.com', 'Acheté', 'CopWork', 'Salades pâtes, thon, tomates, olives et basilic', 3, 1, 26, 19, 17),
	(54, 'Jeremie', 'COLLIN DE L HORTET', 'Activités + Afterwork (à partir de 9h30 jusqu\'à 23h) - SELECTIONNEZ POUR FAIRE AFFICHER LA REDUCTION\nContinuer la fête et dormir sur l\'île (23h - 8h)', 'jeremie.collindelhortet@gmail.com', 'Acheté', 'CopWork', 'Salades pâtes, thon, tomates, olives et basilic', 10, 14, 26, 13, 12),
	(55, 'Jeremie', 'COLLIN DE L HORTET', 'Activités + Afterwork (à partir de 9h30 jusqu\'à 23h) - SELECTIONNEZ POUR FAIRE AFFICHER LA REDUCTION\nContinuer la fête et dormir sur l\'île (23h - 8h)', 'jeremie.collindelhortet@gmail.com', 'Acheté', 'CopWork', 'Salades pâtes, thon, tomates, olives et basilic', 16, 12, 25, 8, 7),
	(56, 'Jeremie', 'COLLIN DE L HORTET', 'Activités + Afterwork (à partir de 9h30 jusqu\'à 23h) - SELECTIONNEZ POUR FAIRE AFFICHER LA REDUCTION\nContinuer la fête et dormir sur l\'île (23h - 8h)', 'jeremie.collindelhortet@gmail.com', 'Acheté', 'CopWork', 'Salades pâtes, thon, tomates, olives et basilic', 20, 16, 21, 25, 24),
	(57, 'Jeremie', 'COLLIN DE L HORTET', 'Activités + Afterwork (à partir de 9h30 jusqu\'à 23h) - SELECTIONNEZ POUR FAIRE AFFICHER LA REDUCTION\nContinuer la fête et dormir sur l\'île (23h - 8h)', 'jeremie.collindelhortet@gmail.com', 'Acheté', 'CopWork', 'Salades pâtes, thon, tomates, olives et basilic', 2, 17, 3, 24, 21),
	(58, 'Jeremie', 'COLLIN DE L HORTET', 'Activités + Afterwork (à partir de 9h30 jusqu\'à 23h) - SELECTIONNEZ POUR FAIRE AFFICHER LA REDUCTION\nContinuer la fête et dormir sur l\'île (23h - 8h)', 'jeremie.collindelhortet@gmail.com', 'Acheté', 'CopWork', 'Salades pâtes, thon, tomates, olives et basilic', 26, 12, 4, 16, 4),
	(59, 'Jeremie', 'COLLIN DE L HORTET', 'Activités + Afterwork (à partir de 9h30 jusqu\'à 23h) - SELECTIONNEZ POUR FAIRE AFFICHER LA REDUCTION\nContinuer la fête et dormir sur l\'île (23h - 8h)', 'jeremie.collindelhortet@gmail.com', 'Acheté', 'CopWork', 'Salades pâtes, thon, tomates, olives et basilic', 19, 7, 10, 8, 9),
	(60, 'Jeremie', 'COLLIN DE L HORTET', 'Activités + Afterwork (à partir de 9h30 jusqu\'à 23h) - SELECTIONNEZ POUR FAIRE AFFICHER LA REDUCTION\nContinuer la fête et dormir sur l\'île (23h - 8h)', 'jeremie.collindelhortet@gmail.com', 'Acheté', 'CopWork', 'Salades pâtes, thon, tomates, olives et basilic', 16, 26, 10, 16, 5),
	(61, 'Jeremie', 'COLLIN DE L HORTET', 'Activités + Afterwork (à partir de 9h30 jusqu\'à 23h) - SELECTIONNEZ POUR FAIRE AFFICHER LA REDUCTION\nContinuer la fête et dormir sur l\'île (23h - 8h)', 'jeremie.collindelhortet@gmail.com', 'Acheté', 'CopWork', 'Salades pâtes, thon, tomates, olives et basilic', 20, 2, 21, 3, 23),
	(62, 'Jeremie', 'COLLIN DE L HORTET', 'Activités + Afterwork (à partir de 9h30 jusqu\'à 23h) - SELECTIONNEZ POUR FAIRE AFFICHER LA REDUCTION\nContinuer la fête et dormir sur l\'île (23h - 8h)', 'jeremie.collindelhortet@gmail.com', 'Acheté', 'CopWork', 'Salades pâtes, thon, tomates, olives et basilic', 2, 8, 19, 18, 20),
	(63, 'Jeremie', 'COLLIN DE L HORTET', 'Activités + Afterwork (à partir de 9h30 jusqu\'à 23h) - SELECTIONNEZ POUR FAIRE AFFICHER LA REDUCTION\nContinuer la fête et dormir sur l\'île (23h - 8h)', 'jeremie.collindelhortet@gmail.com', 'Acheté', 'CopWork', 'Salades pâtes, thon, tomates, olives et basilic', 26, 9, 6, 27, 5),
	(64, 'Jeremie', 'COLLIN DE L HORTET', 'Activités + Afterwork (à partir de 9h30 jusqu\'à 23h) - SELECTIONNEZ POUR FAIRE AFFICHER LA REDUCTION\nContinuer la fête et dormir sur l\'île (23h - 8h)', 'jeremie.collindelhortet@gmail.com', 'Acheté', 'CopWork', 'Salades pâtes, thon, tomates, olives et basilic', 18, 21, 24, 1, 17),
	(65, 'Jeremie', 'COLLIN DE L HORTET', 'Activités + Afterwork (à partir de 9h30 jusqu\'à 23h) - SELECTIONNEZ POUR FAIRE AFFICHER LA REDUCTION\nContinuer la fête et dormir sur l\'île (23h - 8h)', 'jeremie.collindelhortet@gmail.com', 'Acheté', 'CopWork', 'Salades pâtes, thon, tomates, olives et basilic', 12, 25, 24, 3, 15),
	(66, 'Jeremie', 'COLLIN DE L HORTET', 'Activités + Afterwork (à partir de 9h30 jusqu\'à 23h) - SELECTIONNEZ POUR FAIRE AFFICHER LA REDUCTION\nContinuer la fête et dormir sur l\'île (23h - 8h)', 'jeremie.collindelhortet@gmail.com', 'Acheté', 'CopWork', 'Salades pâtes, thon, tomates, olives et basilic', 6, 7, 18, 10, 26),
	(67, 'Jeremie', 'COLLIN DE L HORTET', 'Activités + Afterwork (à partir de 9h30 jusqu\'à 23h) - SELECTIONNEZ POUR FAIRE AFFICHER LA REDUCTION\nContinuer la fête et dormir sur l\'île (23h - 8h)', 'jeremie.collindelhortet@gmail.com', 'Acheté', 'CopWork', 'Salades pâtes, thon, tomates, olives et basilic', 17, 11, 20, 15, 4),
	(68, 'Jeremie', 'COLLIN DE L HORTET', 'Activités + Afterwork (à partir de 9h30 jusqu\'à 23h) - SELECTIONNEZ POUR FAIRE AFFICHER LA REDUCTION\nContinuer la fête et dormir sur l\'île (23h - 8h)', 'jeremie.collindelhortet@gmail.com', 'Acheté', 'CopWork', 'Salades pâtes, thon, tomates, olives et basilic', 16, 6, 18, 19, 20),
	(69, 'Jeremie', 'COLLIN DE L HORTET', 'Activités + Afterwork (à partir de 9h30 jusqu\'à 23h) - SELECTIONNEZ POUR FAIRE AFFICHER LA REDUCTION\nContinuer la fête et dormir sur l\'île (23h - 8h)', 'jeremie.collindelhortet@gmail.com', 'Acheté', 'CopWork', 'Salades pâtes, thon, tomates, olives et basilic', 25, 21, 2, 22, 10),
	(70, 'Jeremie', 'COLLIN DE L HORTET', 'Activités + Afterwork (à partir de 9h30 jusqu\'à 23h) - SELECTIONNEZ POUR FAIRE AFFICHER LA REDUCTION\nContinuer la fête et dormir sur l\'île (23h - 8h)', 'jeremie.collindelhortet@gmail.com', 'Acheté', 'CopWork', 'Salades pâtes, thon, tomates, olives et basilic', 1, 9, 6, 2, 16),
	(71, 'Jeremie', 'COLLIN DE L HORTET', 'Activités + Afterwork (à partir de 9h30 jusqu\'à 23h) - SELECTIONNEZ POUR FAIRE AFFICHER LA REDUCTION\nContinuer la fête et dormir sur l\'île (23h - 8h)', 'jeremie.collindelhortet@gmail.com', 'Acheté', 'CopWork', 'Salades pâtes, thon, tomates, olives et basilic', 7, 9, 26, 19, 20),
	(72, 'Jeremie', 'COLLIN DE L HORTET', 'Activités + Afterwork (à partir de 9h30 jusqu\'à 23h) - SELECTIONNEZ POUR FAIRE AFFICHER LA REDUCTION\nContinuer la fête et dormir sur l\'île (23h - 8h)', 'jeremie.collindelhortet@gmail.com', 'Acheté', 'CopWork', 'Salades pâtes, thon, tomates, olives et basilic', 3, 18, 5, 11, 1),
	(73, 'Jeremie', 'COLLIN DE L HORTET', 'Activités + Afterwork (à partir de 9h30 jusqu\'à 23h) - SELECTIONNEZ POUR FAIRE AFFICHER LA REDUCTION\nContinuer la fête et dormir sur l\'île (23h - 8h)', 'jeremie.collindelhortet@gmail.com', 'Acheté', 'CopWork', 'Salades pâtes, thon, tomates, olives et basilic', 21, 8, 22, 22, 22),
	(74, 'Jeremie', 'COLLIN DE L HORTET', 'Activités + Afterwork (à partir de 9h30 jusqu\'à 23h) - SELECTIONNEZ POUR FAIRE AFFICHER LA REDUCTION\nContinuer la fête et dormir sur l\'île (23h - 8h)', 'jeremie.collindelhortet@gmail.com', 'Acheté', 'CopWork', 'Salades pâtes, thon, tomates, olives et basilic', 16, 10, 20, 25, 3),
	(75, 'Jeremie', 'COLLIN DE L HORTET', 'Activités + Afterwork (à partir de 9h30 jusqu\'à 23h) - SELECTIONNEZ POUR FAIRE AFFICHER LA REDUCTION\nContinuer la fête et dormir sur l\'île (23h - 8h)', 'jeremie.collindelhortet@gmail.com', 'Acheté', 'CopWork', 'Salades pâtes, thon, tomates, olives et basilic', 15, 24, 3, 7, 23),
	(76, 'Arnaud', 'GOVAERTS', 'Activités + Afterwork (à partir de 9h30 jusqu\'à 23h) - SELECTIONNEZ POUR FAIRE AFFICHER LA REDUCTION', 'arnaud.govaerts@exco.fr', 'Acheté', 'EXCO', 'Salades pâtes, thon, tomates, olives et basilic', 2, 14, 9, 9, 4),
	(77, 'Arnaud', 'GOVAERTS', 'Activités + Afterwork (à partir de 9h30 jusqu\'à 23h) - SELECTIONNEZ POUR FAIRE AFFICHER LA REDUCTION', 'arnaud.govaerts@exco.fr', 'Acheté', 'EXCO', 'Salades pâtes, thon, tomates, olives et basilic', 15, 21, 8, 22, 27),
	(78, 'Arnaud', 'GOVAERTS', 'Activités + Afterwork (à partir de 9h30 jusqu\'à 23h) - SELECTIONNEZ POUR FAIRE AFFICHER LA REDUCTION', 'arnaud.govaerts@exco.fr', 'Acheté', 'EXCO', 'Salades pâtes, thon, tomates, olives et basilic', 15, 9, 14, 7, 17),
	(79, 'Arnaud', 'GOVAERTS', 'Activités + Afterwork (à partir de 9h30 jusqu\'à 23h) - SELECTIONNEZ POUR FAIRE AFFICHER LA REDUCTION', 'arnaud.govaerts@exco.fr', 'Acheté', 'EXCO', 'Salades pâtes, thon, tomates, olives et basilic', 4, 8, 17, 19, 5),
	(80, 'Arnaud', 'GOVAERTS', 'Activités + Afterwork (à partir de 9h30 jusqu\'à 23h) - SELECTIONNEZ POUR FAIRE AFFICHER LA REDUCTION', 'arnaud.govaerts@exco.fr', 'Acheté', 'EXCO', 'Salades pâtes, thon, tomates, olives et basilic', 24, 12, 18, 21, 23),
	(81, 'Arnaud', 'GOVAERTS', 'Activités + Afterwork (à partir de 9h30 jusqu\'à 23h) - SELECTIONNEZ POUR FAIRE AFFICHER LA REDUCTION', 'arnaud.govaerts@exco.fr', 'Acheté', 'EXCO', 'Salades pâtes, thon, tomates, olives et basilic', 3, 9, 12, 19, 23),
	(82, 'Arnaud', 'GOVAERTS', 'Activités + Afterwork (à partir de 9h30 jusqu\'à 23h) - SELECTIONNEZ POUR FAIRE AFFICHER LA REDUCTION', 'arnaud.govaerts@exco.fr', 'Acheté', 'EXCO', 'Salades pâtes, thon, tomates, olives et basilic', 22, 6, 4, 7, 18),
	(83, 'Arnaud', 'GOVAERTS', 'Activités + Afterwork (à partir de 9h30 jusqu\'à 23h) - SELECTIONNEZ POUR FAIRE AFFICHER LA REDUCTION', 'arnaud.govaerts@exco.fr', 'Acheté', 'EXCO', 'Salades pâtes, thon, tomates, olives et basilic', 22, 4, 10, 5, 19),
	(84, 'Arnaud', 'GOVAERTS', 'Activités + Afterwork (à partir de 9h30 jusqu\'à 23h) - SELECTIONNEZ POUR FAIRE AFFICHER LA REDUCTION', 'arnaud.govaerts@exco.fr', 'Acheté', 'EXCO', 'Salades pâtes, thon, tomates, olives et basilic', 18, 2, 9, 25, 16),
	(85, 'Arnaud', 'GOVAERTS', 'Activités + Afterwork (à partir de 9h30 jusqu\'à 23h) - SELECTIONNEZ POUR FAIRE AFFICHER LA REDUCTION', 'arnaud.govaerts@exco.fr', 'Acheté', 'EXCO', 'Salades pâtes, thon, tomates, olives et basilic', 21, 23, 16, 8, 21),
	(86, 'Arnaud', 'GOVAERTS', 'Activités + Afterwork (à partir de 9h30 jusqu\'à 23h) - SELECTIONNEZ POUR FAIRE AFFICHER LA REDUCTION', 'arnaud.govaerts@exco.fr', 'Acheté', 'EXCO', 'Salades pâtes, thon, tomates, olives et basilic', 24, 2, 26, 13, 6),
	(87, 'Arnaud', 'GOVAERTS', 'Activités + Afterwork (à partir de 9h30 jusqu\'à 23h) - SELECTIONNEZ POUR FAIRE AFFICHER LA REDUCTION', 'arnaud.govaerts@exco.fr', 'Acheté', 'EXCO', 'Salades pâtes, thon, tomates, olives et basilic', 6, 21, 3, 17, 18),
	(88, 'Arnaud', 'GOVAERTS', 'Activités + Afterwork (à partir de 9h30 jusqu\'à 23h) - SELECTIONNEZ POUR FAIRE AFFICHER LA REDUCTION', 'arnaud.govaerts@exco.fr', 'Acheté', 'EXCO', 'Salades pâtes, thon, tomates, olives et basilic', 7, 19, 14, 19, 16),
	(89, 'Arnaud', 'GOVAERTS', 'Activités + Afterwork (à partir de 9h30 jusqu\'à 23h) - SELECTIONNEZ POUR FAIRE AFFICHER LA REDUCTION', 'arnaud.govaerts@exco.fr', 'Acheté', 'EXCO', 'Salades pâtes, thon, tomates, olives et basilic', 18, 4, 9, 15, 2),
	(90, 'Arnaud', 'GOVAERTS', 'Activités + Afterwork (à partir de 9h30 jusqu\'à 23h) - SELECTIONNEZ POUR FAIRE AFFICHER LA REDUCTION', 'arnaud.govaerts@exco.fr', 'Acheté', 'EXCO', 'Salades pâtes, thon, tomates, olives et basilic', 17, 13, 2, 17, 13),
	(91, 'Arnaud', 'GOVAERTS', 'Activités + Afterwork (à partir de 9h30 jusqu\'à 23h) - SELECTIONNEZ POUR FAIRE AFFICHER LA REDUCTION', 'arnaud.govaerts@exco.fr', 'Acheté', 'EXCO', 'Salades pâtes, thon, tomates, olives et basilic', 3, 3, 9, 12, 5),
	(92, 'Arnaud', 'GOVAERTS', 'Activités + Afterwork (à partir de 9h30 jusqu\'à 23h) - SELECTIONNEZ POUR FAIRE AFFICHER LA REDUCTION', 'arnaud.govaerts@exco.fr', 'Acheté', 'EXCO', 'Salades pâtes, thon, tomates, olives et basilic', 13, 25, 12, 9, 11),
	(93, 'Arnaud', 'GOVAERTS', 'Activités + Afterwork (à partir de 9h30 jusqu\'à 23h) - SELECTIONNEZ POUR FAIRE AFFICHER LA REDUCTION', 'arnaud.govaerts@exco.fr', 'Acheté', 'EXCO', 'Salades pâtes, thon, tomates, olives et basilic', 3, 9, 5, 6, 14),
	(94, 'Arnaud', 'GOVAERTS', 'Activités + Afterwork (à partir de 9h30 jusqu\'à 23h) - SELECTIONNEZ POUR FAIRE AFFICHER LA REDUCTION', 'arnaud.govaerts@exco.fr', 'Acheté', 'EXCO', 'Salades pâtes, thon, tomates, olives et basilic', 4, 25, 14, 3, 8),
	(95, 'Arnaud', 'GOVAERTS', 'Activités + Afterwork (à partir de 9h30 jusqu\'à 23h) - SELECTIONNEZ POUR FAIRE AFFICHER LA REDUCTION', 'arnaud.govaerts@exco.fr', 'Acheté', 'EXCO', 'Salades pâtes, thon, tomates, olives et basilic', 7, 17, 26, 23, 24),
	(96, 'Arnaud', 'GOVAERTS', 'Activités + Afterwork (à partir de 9h30 jusqu\'à 23h) - SELECTIONNEZ POUR FAIRE AFFICHER LA REDUCTION', 'arnaud.govaerts@exco.fr', 'Acheté', 'EXCO', 'Salades pâtes, thon, tomates, olives et basilic', 23, 7, 12, 2, 15),
	(97, 'Arnaud', 'GOVAERTS', 'Activités + Afterwork (à partir de 9h30 jusqu\'à 23h) - SELECTIONNEZ POUR FAIRE AFFICHER LA REDUCTION', 'arnaud.govaerts@exco.fr', 'Acheté', 'EXCO', 'Salades pâtes, thon, tomates, olives et basilic', 13, 12, 6, 16, 5),
	(98, 'Arnaud', 'GOVAERTS', 'Activités + Afterwork (à partir de 9h30 jusqu\'à 23h) - SELECTIONNEZ POUR FAIRE AFFICHER LA REDUCTION', 'arnaud.govaerts@exco.fr', 'Acheté', 'EXCO', 'Salades pâtes, thon, tomates, olives et basilic', 22, 11, 18, 21, 6),
	(99, 'Arnaud', 'GOVAERTS', 'Activités + Afterwork (à partir de 9h30 jusqu\'à 23h) - SELECTIONNEZ POUR FAIRE AFFICHER LA REDUCTION', 'arnaud.govaerts@exco.fr', 'Acheté', 'EXCO', 'Salades pâtes, thon, tomates, olives et basilic', 20, 17, 22, 3, 11),
	(100, 'Arnaud', 'GOVAERTS', 'Activités + Afterwork (à partir de 9h30 jusqu\'à 23h) - SELECTIONNEZ POUR FAIRE AFFICHER LA REDUCTION', 'arnaud.govaerts@exco.fr', 'Acheté', 'EXCO', 'Salades pâtes, thon, tomates, olives et basilic', 4, 25, 25, 5, 11),
	(101, 'Arnaud', 'GOVAERTS', 'Activités + Afterwork (à partir de 9h30 jusqu\'à 23h) - SELECTIONNEZ POUR FAIRE AFFICHER LA REDUCTION', 'arnaud.govaerts@exco.fr', 'Acheté', 'EXCO', 'Salades pâtes, thon, tomates, olives et basilic', 13, 21, 10, 15, 21),
	(102, 'Arnaud', 'GOVAERTS', 'Activités + Afterwork (à partir de 9h30 jusqu\'à 23h) - SELECTIONNEZ POUR FAIRE AFFICHER LA REDUCTION', 'arnaud.govaerts@exco.fr', 'Acheté', 'EXCO', 'Salades pâtes, thon, tomates, olives et basilic', 26, 4, 23, 7, 17),
	(103, 'Arnaud', 'GOVAERTS', 'Activités + Afterwork (à partir de 9h30 jusqu\'à 23h) - SELECTIONNEZ POUR FAIRE AFFICHER LA REDUCTION', 'arnaud.govaerts@exco.fr', 'Acheté', 'EXCO', 'Salades pâtes, thon, tomates, olives et basilic', 13, 9, 6, 14, 23),
	(104, 'Arnaud', 'GOVAERTS', 'Activités + Afterwork (à partir de 9h30 jusqu\'à 23h) - SELECTIONNEZ POUR FAIRE AFFICHER LA REDUCTION', 'arnaud.govaerts@exco.fr', 'Acheté', 'EXCO', 'Salades pâtes, thon, tomates, olives et basilic', 13, 7, 14, 23, 12),
	(105, 'Arnaud', 'GOVAERTS', 'Activités + Afterwork (à partir de 9h30 jusqu\'à 23h) - SELECTIONNEZ POUR FAIRE AFFICHER LA REDUCTION', 'arnaud.govaerts@exco.fr', 'Acheté', 'EXCO', 'Salades pâtes, thon, tomates, olives et basilic', 22, 6, 23, 20, 16),
	(106, 'Arnaud', 'GOVAERTS', 'Activités + Afterwork (à partir de 9h30 jusqu\'à 23h) - SELECTIONNEZ POUR FAIRE AFFICHER LA REDUCTION', 'arnaud.govaerts@exco.fr', 'Acheté', 'EXCO', 'Salades pâtes, thon, tomates, olives et basilic', 18, 7, 20, 6, 17),
	(107, 'Arnaud', 'GOVAERTS', 'Activités + Afterwork (à partir de 9h30 jusqu\'à 23h) - SELECTIONNEZ POUR FAIRE AFFICHER LA REDUCTION', 'arnaud.govaerts@exco.fr', 'Acheté', 'EXCO', 'Salades pâtes, thon, tomates, olives et basilic', 25, 15, 7, 19, 11),
	(108, 'Arnaud', 'GOVAERTS', 'Activités + Afterwork (à partir de 9h30 jusqu\'à 23h) - SELECTIONNEZ POUR FAIRE AFFICHER LA REDUCTION', 'arnaud.govaerts@exco.fr', 'Acheté', 'EXCO', 'Salades pâtes, thon, tomates, olives et basilic', 15, 4, 23, 22, 27),
	(109, 'Arnaud', 'GOVAERTS', 'Activités + Afterwork (à partir de 9h30 jusqu\'à 23h) - SELECTIONNEZ POUR FAIRE AFFICHER LA REDUCTION', 'arnaud.govaerts@exco.fr', 'Acheté', 'EXCO', 'Salades pâtes, thon, tomates, olives et basilic', 1, 23, 14, 3, 22),
	(110, 'Arnaud', 'GOVAERTS', 'Activités + Afterwork (à partir de 9h30 jusqu\'à 23h) - SELECTIONNEZ POUR FAIRE AFFICHER LA REDUCTION', 'arnaud.govaerts@exco.fr', 'Acheté', 'EXCO', 'Salades pâtes, thon, tomates, olives et basilic', 12, 26, 2, 26, 2),
	(111, 'Arnaud', 'GOVAERTS', 'Activités + Afterwork (à partir de 9h30 jusqu\'à 23h) - SELECTIONNEZ POUR FAIRE AFFICHER LA REDUCTION', 'arnaud.govaerts@exco.fr', 'Acheté', 'EXCO', 'Salades pâtes, thon, tomates, olives et basilic', 3, 6, 19, 16, 20),
	(112, 'Arnaud', 'GOVAERTS', 'Activités + Afterwork (à partir de 9h30 jusqu\'à 23h) - SELECTIONNEZ POUR FAIRE AFFICHER LA REDUCTION', 'arnaud.govaerts@exco.fr', 'Acheté', 'EXCO', 'Salades pâtes, thon, tomates, olives et basilic', 5, 5, 11, 2, 17),
	(113, 'Arnaud', 'GOVAERTS', 'Activités + Afterwork (à partir de 9h30 jusqu\'à 23h) - SELECTIONNEZ POUR FAIRE AFFICHER LA REDUCTION', 'arnaud.govaerts@exco.fr', 'Acheté', 'EXCO', 'Salades pâtes, thon, tomates, olives et basilic', 13, 4, 23, 11, 22),
	(114, 'Arnaud', 'GOVAERTS', 'Activités + Afterwork (à partir de 9h30 jusqu\'à 23h) - SELECTIONNEZ POUR FAIRE AFFICHER LA REDUCTION', 'arnaud.govaerts@exco.fr', 'Acheté', 'EXCO', 'Salades pâtes, thon, tomates, olives et basilic', 24, 7, 2, 23, 8),
	(115, 'Arnaud', 'GOVAERTS', 'Activités + Afterwork (à partir de 9h30 jusqu\'à 23h) - SELECTIONNEZ POUR FAIRE AFFICHER LA REDUCTION', 'arnaud.govaerts@exco.fr', 'Acheté', 'EXCO', 'Salades pâtes, thon, tomates, olives et basilic', 26, 20, 20, 4, 24),
	(116, 'Laurent', 'Chanzy', 'Activités + Afterwork (à partir de 9h30 jusqu\'à 23h) - SELECTIONNEZ POUR FAIRE AFFICHER LA REDUCTION', 'lchanzy@gmail.com', 'Acheté', 'Scoro developpement', 'Sandwich tomates/mozza/salade', 6, 1, 15, 3, 15),
	(117, 'Laurent', 'Chanzy', 'Activités + Afterwork (à partir de 9h30 jusqu\'à 23h) - SELECTIONNEZ POUR FAIRE AFFICHER LA REDUCTION', 'lchanzy@gmail.com', 'Acheté', 'Scoro developpement', 'Sandwich tomates/mozza/salade', 4, 22, 13, 25, 5),
	(118, 'Laurent', 'Chanzy', 'Activités + Afterwork (à partir de 9h30 jusqu\'à 23h) - SELECTIONNEZ POUR FAIRE AFFICHER LA REDUCTION', 'lchanzy@gmail.com', 'Acheté', 'Scoro developpement', 'Sandwich tomates/mozza/salade', 25, 3, 19, 11, 3),
	(119, 'Laurent', 'Chanzy', 'Activités + Afterwork (à partir de 9h30 jusqu\'à 23h) - SELECTIONNEZ POUR FAIRE AFFICHER LA REDUCTION', 'lchanzy@gmail.com', 'Acheté', 'Scoro developpement', 'Sandwich tomates/mozza/salade', 11, 27, 5, 5, 1),
	(120, 'Laurent', 'Chanzy', 'Activités + Afterwork (à partir de 9h30 jusqu\'à 23h) - SELECTIONNEZ POUR FAIRE AFFICHER LA REDUCTION', 'lchanzy@gmail.com', 'Acheté', 'Scoro developpement', 'Sandwich tomates/mozza/salade', 3, 19, 16, 18, 21),
	(121, 'Laurent', 'Chanzy', 'Activités + Afterwork (à partir de 9h30 jusqu\'à 23h) - SELECTIONNEZ POUR FAIRE AFFICHER LA REDUCTION', 'lchanzy@gmail.com', 'Acheté', 'Scoro developpement', 'Sandwich tomates/mozza/salade', 7, 15, 14, 21, 23),
	(122, 'Laurent', 'Chanzy', 'Activités + Afterwork (à partir de 9h30 jusqu\'à 23h) - SELECTIONNEZ POUR FAIRE AFFICHER LA REDUCTION', 'lchanzy@gmail.com', 'Acheté', 'Scoro developpement', 'Sandwich tomates/mozza/salade', 23, 17, 22, 25, 26),
	(123, 'Laurent', 'Chanzy', 'Activités + Afterwork (à partir de 9h30 jusqu\'à 23h) - SELECTIONNEZ POUR FAIRE AFFICHER LA REDUCTION', 'lchanzy@gmail.com', 'Acheté', 'Scoro developpement', 'Sandwich tomates/mozza/salade', 17, 13, 15, 7, 5),
	(124, 'Laurent', 'Chanzy', 'Activités + Afterwork (à partir de 9h30 jusqu\'à 23h) - SELECTIONNEZ POUR FAIRE AFFICHER LA REDUCTION', 'lchanzy@gmail.com', 'Acheté', 'Scoro developpement', 'Sandwich tomates/mozza/salade', 16, 11, 9, 10, 1),
	(125, 'Laurent', 'Chanzy', 'Activités + Afterwork (à partir de 9h30 jusqu\'à 23h) - SELECTIONNEZ POUR FAIRE AFFICHER LA REDUCTION', 'lchanzy@gmail.com', 'Acheté', 'Scoro developpement', 'Sandwich tomates/mozza/salade', 1, 16, 23, 4, 14),
	(126, 'Laurent', 'Chanzy', 'Activités + Afterwork (à partir de 9h30 jusqu\'à 23h) - SELECTIONNEZ POUR FAIRE AFFICHER LA REDUCTION', 'lchanzy@gmail.com', 'Acheté', 'Scoro developpement', 'Sandwich tomates/mozza/salade', 9, 19, 10, 15, 16),
	(127, 'Laurent', 'Chanzy', 'Activités + Afterwork (à partir de 9h30 jusqu\'à 23h) - SELECTIONNEZ POUR FAIRE AFFICHER LA REDUCTION', 'lchanzy@gmail.com', 'Acheté', 'Scoro developpement', 'Sandwich tomates/mozza/salade', 15, 19, 6, 11, 10),
	(128, 'Laurent', 'Chanzy', 'Activités + Afterwork (à partir de 9h30 jusqu\'à 23h) - SELECTIONNEZ POUR FAIRE AFFICHER LA REDUCTION', 'lchanzy@gmail.com', 'Acheté', 'Scoro developpement', 'Sandwich tomates/mozza/salade', 23, 11, 26, 10, 25),
	(129, 'Laurent', 'Chanzy', 'Activités + Afterwork (à partir de 9h30 jusqu\'à 23h) - SELECTIONNEZ POUR FAIRE AFFICHER LA REDUCTION', 'lchanzy@gmail.com', 'Acheté', 'Scoro developpement', 'Sandwich tomates/mozza/salade', 14, 26, 7, 13, 17),
	(130, 'Laurent', 'Chanzy', 'Activités + Afterwork (à partir de 9h30 jusqu\'à 23h) - SELECTIONNEZ POUR FAIRE AFFICHER LA REDUCTION', 'lchanzy@gmail.com', 'Acheté', 'Scoro developpement', 'Sandwich tomates/mozza/salade', 25, 16, 5, 11, 8),
	(131, 'Laurent', 'Chanzy', 'Activités + Afterwork (à partir de 9h30 jusqu\'à 23h) - SELECTIONNEZ POUR FAIRE AFFICHER LA REDUCTION', 'lchanzy@gmail.com', 'Acheté', 'Scoro developpement', 'Sandwich tomates/mozza/salade', 7, 2, 6, 12, 15),
	(132, 'Laurent', 'Chanzy', 'Activités + Afterwork (à partir de 9h30 jusqu\'à 23h) - SELECTIONNEZ POUR FAIRE AFFICHER LA REDUCTION', 'lchanzy@gmail.com', 'Acheté', 'Scoro developpement', 'Sandwich tomates/mozza/salade', 12, 12, 14, 26, 23),
	(133, 'Laurent', 'Chanzy', 'Activités + Afterwork (à partir de 9h30 jusqu\'à 23h) - SELECTIONNEZ POUR FAIRE AFFICHER LA REDUCTION', 'lchanzy@gmail.com', 'Acheté', 'Scoro developpement', 'Sandwich tomates/mozza/salade', 8, 26, 26, 18, 18),
	(134, 'Laurent', 'Chanzy', 'Activités + Afterwork (à partir de 9h30 jusqu\'à 23h) - SELECTIONNEZ POUR FAIRE AFFICHER LA REDUCTION', 'lchanzy@gmail.com', 'Acheté', 'Scoro developpement', 'Sandwich tomates/mozza/salade', 6, 16, 6, 9, 21),
	(135, 'Laurent', 'Chanzy', 'Activités + Afterwork (à partir de 9h30 jusqu\'à 23h) - SELECTIONNEZ POUR FAIRE AFFICHER LA REDUCTION', 'lchanzy@gmail.com', 'Acheté', 'Scoro developpement', 'Sandwich tomates/mozza/salade', 6, 26, 6, 15, 25),
	(136, 'Laurent', 'Chanzy', 'Activités + Afterwork (à partir de 9h30 jusqu\'à 23h) - SELECTIONNEZ POUR FAIRE AFFICHER LA REDUCTION', 'lchanzy@gmail.com', 'Acheté', 'Scoro developpement', 'Sandwich tomates/mozza/salade', 10, 4, 11, 22, 6),
	(137, 'Laurent', 'Chanzy', 'Activités + Afterwork (à partir de 9h30 jusqu\'à 23h) - SELECTIONNEZ POUR FAIRE AFFICHER LA REDUCTION', 'lchanzy@gmail.com', 'Acheté', 'Scoro developpement', 'Sandwich tomates/mozza/salade', 5, 18, 9, 14, 9),
	(138, 'Laurent', 'Chanzy', 'Activités + Afterwork (à partir de 9h30 jusqu\'à 23h) - SELECTIONNEZ POUR FAIRE AFFICHER LA REDUCTION', 'lchanzy@gmail.com', 'Acheté', 'Scoro developpement', 'Sandwich tomates/mozza/salade', 20, 26, 10, 2, 26),
	(139, 'Laurent', 'Chanzy', 'Activités + Afterwork (à partir de 9h30 jusqu\'à 23h) - SELECTIONNEZ POUR FAIRE AFFICHER LA REDUCTION', 'lchanzy@gmail.com', 'Acheté', 'Scoro developpement', 'Sandwich tomates/mozza/salade', 7, 24, 24, 17, 21),
	(140, 'Laurent', 'Chanzy', 'Activités + Afterwork (à partir de 9h30 jusqu\'à 23h) - SELECTIONNEZ POUR FAIRE AFFICHER LA REDUCTION', 'lchanzy@gmail.com', 'Acheté', 'Scoro developpement', 'Sandwich tomates/mozza/salade', 25, 15, 10, 2, 2),
	(141, 'Laurent', 'Chanzy', 'Activités + Afterwork (à partir de 9h30 jusqu\'à 23h) - SELECTIONNEZ POUR FAIRE AFFICHER LA REDUCTION', 'lchanzy@gmail.com', 'Acheté', 'Scoro developpement', 'Sandwich tomates/mozza/salade', 25, 27, 2, 9, 24),
	(142, 'Laurent', 'Chanzy', 'Activités + Afterwork (à partir de 9h30 jusqu\'à 23h) - SELECTIONNEZ POUR FAIRE AFFICHER LA REDUCTION', 'lchanzy@gmail.com', 'Acheté', 'Scoro developpement', 'Sandwich tomates/mozza/salade', 23, 11, 7, 14, 9),
	(143, 'Laurent', 'Chanzy', 'Activités + Afterwork (à partir de 9h30 jusqu\'à 23h) - SELECTIONNEZ POUR FAIRE AFFICHER LA REDUCTION', 'lchanzy@gmail.com', 'Acheté', 'Scoro developpement', 'Sandwich tomates/mozza/salade', 13, 25, 3, 13, 26),
	(144, 'Laurent', 'Chanzy', 'Activités + Afterwork (à partir de 9h30 jusqu\'à 23h) - SELECTIONNEZ POUR FAIRE AFFICHER LA REDUCTION', 'lchanzy@gmail.com', 'Acheté', 'Scoro developpement', 'Sandwich tomates/mozza/salade', 23, 11, 17, 25, 22),
	(145, 'Maxime', 'OLLAGNIER', 'Activités + Afterwork (à partir de 9h30 jusqu\'à 23h) - SELECTIONNEZ POUR FAIRE AFFICHER LA REDUCTION\nContinuer la fête et dormir sur l\'île (23h - 8h)', 'maxime.ollagnier@gmail.com', 'Acheté', 'OLLAGNIER S.I.', 'Salades pâtes, thon, tomates, olives et basilic', 21, 7, 25, 4, 6),
	(146, 'Maxime', 'OLLAGNIER', 'Activités + Afterwork (à partir de 9h30 jusqu\'à 23h) - SELECTIONNEZ POUR FAIRE AFFICHER LA REDUCTION\nContinuer la fête et dormir sur l\'île (23h - 8h)', 'maxime.ollagnier@gmail.com', 'Acheté', 'OLLAGNIER S.I.', 'Salades pâtes, thon, tomates, olives et basilic', 11, 2, 20, 23, 14),
	(147, 'Maxime', 'OLLAGNIER', 'Activités + Afterwork (à partir de 9h30 jusqu\'à 23h) - SELECTIONNEZ POUR FAIRE AFFICHER LA REDUCTION\nContinuer la fête et dormir sur l\'île (23h - 8h)', 'maxime.ollagnier@gmail.com', 'Acheté', 'OLLAGNIER S.I.', 'Salades pâtes, thon, tomates, olives et basilic', 15, 11, 22, 24, 27),
	(148, 'Maxime', 'OLLAGNIER', 'Activités + Afterwork (à partir de 9h30 jusqu\'à 23h) - SELECTIONNEZ POUR FAIRE AFFICHER LA REDUCTION\nContinuer la fête et dormir sur l\'île (23h - 8h)', 'maxime.ollagnier@gmail.com', 'Acheté', 'OLLAGNIER S.I.', 'Salades pâtes, thon, tomates, olives et basilic', 16, 23, 26, 25, 11),
	(149, 'Maxime', 'OLLAGNIER', 'Activités + Afterwork (à partir de 9h30 jusqu\'à 23h) - SELECTIONNEZ POUR FAIRE AFFICHER LA REDUCTION\nContinuer la fête et dormir sur l\'île (23h - 8h)', 'maxime.ollagnier@gmail.com', 'Acheté', 'OLLAGNIER S.I.', 'Salades pâtes, thon, tomates, olives et basilic', 9, 5, 8, 24, 26),
	(150, 'Maxime', 'OLLAGNIER', 'Activités + Afterwork (à partir de 9h30 jusqu\'à 23h) - SELECTIONNEZ POUR FAIRE AFFICHER LA REDUCTION\nContinuer la fête et dormir sur l\'île (23h - 8h)', 'maxime.ollagnier@gmail.com', 'Acheté', 'OLLAGNIER S.I.', 'Salades pâtes, thon, tomates, olives et basilic', 20, 4, 14, 21, 17),
	(151, 'Maxime', 'OLLAGNIER', 'Activités + Afterwork (à partir de 9h30 jusqu\'à 23h) - SELECTIONNEZ POUR FAIRE AFFICHER LA REDUCTION\nContinuer la fête et dormir sur l\'île (23h - 8h)', 'maxime.ollagnier@gmail.com', 'Acheté', 'OLLAGNIER S.I.', 'Salades pâtes, thon, tomates, olives et basilic', 21, 7, 21, 3, 8),
	(152, 'Maxime', 'OLLAGNIER', 'Activités + Afterwork (à partir de 9h30 jusqu\'à 23h) - SELECTIONNEZ POUR FAIRE AFFICHER LA REDUCTION\nContinuer la fête et dormir sur l\'île (23h - 8h)', 'maxime.ollagnier@gmail.com', 'Acheté', 'OLLAGNIER S.I.', 'Salades pâtes, thon, tomates, olives et basilic', 19, 21, 7, 5, 15),
	(153, 'Maxime', 'OLLAGNIER', 'Activités + Afterwork (à partir de 9h30 jusqu\'à 23h) - SELECTIONNEZ POUR FAIRE AFFICHER LA REDUCTION\nContinuer la fête et dormir sur l\'île (23h - 8h)', 'maxime.ollagnier@gmail.com', 'Acheté', 'OLLAGNIER S.I.', 'Salades pâtes, thon, tomates, olives et basilic', 3, 6, 24, 14, 24),
	(154, 'Maxime', 'OLLAGNIER', 'Activités + Afterwork (à partir de 9h30 jusqu\'à 23h) - SELECTIONNEZ POUR FAIRE AFFICHER LA REDUCTION\nContinuer la fête et dormir sur l\'île (23h - 8h)', 'maxime.ollagnier@gmail.com', 'Acheté', 'OLLAGNIER S.I.', 'Salades pâtes, thon, tomates, olives et basilic', 8, 17, 20, 3, 19),
	(155, 'Maxime', 'OLLAGNIER', 'Activités + Afterwork (à partir de 9h30 jusqu\'à 23h) - SELECTIONNEZ POUR FAIRE AFFICHER LA REDUCTION\nContinuer la fête et dormir sur l\'île (23h - 8h)', 'maxime.ollagnier@gmail.com', 'Acheté', 'OLLAGNIER S.I.', 'Salades pâtes, thon, tomates, olives et basilic', 4, 14, 26, 21, 24),
	(156, 'Maxime', 'OLLAGNIER', 'Activités + Afterwork (à partir de 9h30 jusqu\'à 23h) - SELECTIONNEZ POUR FAIRE AFFICHER LA REDUCTION\nContinuer la fête et dormir sur l\'île (23h - 8h)', 'maxime.ollagnier@gmail.com', 'Acheté', 'OLLAGNIER S.I.', 'Salades pâtes, thon, tomates, olives et basilic', 22, 18, 18, 20, 8),
	(157, 'Maxime', 'OLLAGNIER', 'Activités + Afterwork (à partir de 9h30 jusqu\'à 23h) - SELECTIONNEZ POUR FAIRE AFFICHER LA REDUCTION\nContinuer la fête et dormir sur l\'île (23h - 8h)', 'maxime.ollagnier@gmail.com', 'Acheté', 'OLLAGNIER S.I.', 'Salades pâtes, thon, tomates, olives et basilic', 17, 22, 10, 11, 19),
	(158, 'Maxime', 'OLLAGNIER', 'Activités + Afterwork (à partir de 9h30 jusqu\'à 23h) - SELECTIONNEZ POUR FAIRE AFFICHER LA REDUCTION\nContinuer la fête et dormir sur l\'île (23h - 8h)', 'maxime.ollagnier@gmail.com', 'Acheté', 'OLLAGNIER S.I.', 'Salades pâtes, thon, tomates, olives et basilic', 20, 2, 20, 17, 18),
	(159, 'Maxime', 'OLLAGNIER', 'Activités + Afterwork (à partir de 9h30 jusqu\'à 23h) - SELECTIONNEZ POUR FAIRE AFFICHER LA REDUCTION\nContinuer la fête et dormir sur l\'île (23h - 8h)', 'maxime.ollagnier@gmail.com', 'Acheté', 'OLLAGNIER S.I.', 'Salades pâtes, thon, tomates, olives et basilic', 21, 20, 18, 24, 8),
	(160, 'Maxime', 'OLLAGNIER', 'Activités + Afterwork (à partir de 9h30 jusqu\'à 23h) - SELECTIONNEZ POUR FAIRE AFFICHER LA REDUCTION\nContinuer la fête et dormir sur l\'île (23h - 8h)', 'maxime.ollagnier@gmail.com', 'Acheté', 'OLLAGNIER S.I.', 'Salades pâtes, thon, tomates, olives et basilic', 17, 18, 4, 19, 8),
	(161, 'Maxime', 'OLLAGNIER', 'Activités + Afterwork (à partir de 9h30 jusqu\'à 23h) - SELECTIONNEZ POUR FAIRE AFFICHER LA REDUCTION\nContinuer la fête et dormir sur l\'île (23h - 8h)', 'maxime.ollagnier@gmail.com', 'Acheté', 'OLLAGNIER S.I.', 'Salades pâtes, thon, tomates, olives et basilic', 24, 26, 18, 19, 16),
	(162, 'Maxime', 'OLLAGNIER', 'Activités + Afterwork (à partir de 9h30 jusqu\'à 23h) - SELECTIONNEZ POUR FAIRE AFFICHER LA REDUCTION\nContinuer la fête et dormir sur l\'île (23h - 8h)', 'maxime.ollagnier@gmail.com', 'Acheté', 'OLLAGNIER S.I.', 'Salades pâtes, thon, tomates, olives et basilic', 14, 25, 23, 13, 5),
	(163, 'Maxime', 'OLLAGNIER', 'Activités + Afterwork (à partir de 9h30 jusqu\'à 23h) - SELECTIONNEZ POUR FAIRE AFFICHER LA REDUCTION\nContinuer la fête et dormir sur l\'île (23h - 8h)', 'maxime.ollagnier@gmail.com', 'Acheté', 'OLLAGNIER S.I.', 'Salades pâtes, thon, tomates, olives et basilic', 24, 18, 9, 8, 26),
	(164, 'Maxime', 'OLLAGNIER', 'Activités + Afterwork (à partir de 9h30 jusqu\'à 23h) - SELECTIONNEZ POUR FAIRE AFFICHER LA REDUCTION\nContinuer la fête et dormir sur l\'île (23h - 8h)', 'maxime.ollagnier@gmail.com', 'Acheté', 'OLLAGNIER S.I.', 'Salades pâtes, thon, tomates, olives et basilic', 24, 14, 1, 25, 12),
	(165, 'Maxime', 'OLLAGNIER', 'Activités + Afterwork (à partir de 9h30 jusqu\'à 23h) - SELECTIONNEZ POUR FAIRE AFFICHER LA REDUCTION\nContinuer la fête et dormir sur l\'île (23h - 8h)', 'maxime.ollagnier@gmail.com', 'Acheté', 'OLLAGNIER S.I.', 'Salades pâtes, thon, tomates, olives et basilic', 20, 16, 4, 23, 5),
	(166, 'Maxime', 'OLLAGNIER', 'Activités + Afterwork (à partir de 9h30 jusqu\'à 23h) - SELECTIONNEZ POUR FAIRE AFFICHER LA REDUCTION\nContinuer la fête et dormir sur l\'île (23h - 8h)', 'maxime.ollagnier@gmail.com', 'Acheté', 'OLLAGNIER S.I.', 'Salades pâtes, thon, tomates, olives et basilic', 2, 10, 13, 12, 14),
	(167, 'Maxime', 'OLLAGNIER', 'Activités + Afterwork (à partir de 9h30 jusqu\'à 23h) - SELECTIONNEZ POUR FAIRE AFFICHER LA REDUCTION\nContinuer la fête et dormir sur l\'île (23h - 8h)', 'maxime.ollagnier@gmail.com', 'Acheté', 'OLLAGNIER S.I.', 'Salades pâtes, thon, tomates, olives et basilic', 1, 3, 2, 18, 4),
	(168, 'Maxime', 'OLLAGNIER', 'Activités + Afterwork (à partir de 9h30 jusqu\'à 23h) - SELECTIONNEZ POUR FAIRE AFFICHER LA REDUCTION\nContinuer la fête et dormir sur l\'île (23h - 8h)', 'maxime.ollagnier@gmail.com', 'Acheté', 'OLLAGNIER S.I.', 'Salades pâtes, thon, tomates, olives et basilic', 25, 8, 20, 24, 26),
	(169, 'Maxime', 'OLLAGNIER', 'Activités + Afterwork (à partir de 9h30 jusqu\'à 23h) - SELECTIONNEZ POUR FAIRE AFFICHER LA REDUCTION\nContinuer la fête et dormir sur l\'île (23h - 8h)', 'maxime.ollagnier@gmail.com', 'Acheté', 'OLLAGNIER S.I.', 'Salades pâtes, thon, tomates, olives et basilic', 16, 4, 17, 15, 15),
	(170, 'Maxime', 'OLLAGNIER', 'Activités + Afterwork (à partir de 9h30 jusqu\'à 23h) - SELECTIONNEZ POUR FAIRE AFFICHER LA REDUCTION\nContinuer la fête et dormir sur l\'île (23h - 8h)', 'maxime.ollagnier@gmail.com', 'Acheté', 'OLLAGNIER S.I.', 'Salades pâtes, thon, tomates, olives et basilic', 2, 23, 22, 2, 20),
	(171, 'Maxime', 'OLLAGNIER', 'Activités + Afterwork (à partir de 9h30 jusqu\'à 23h) - SELECTIONNEZ POUR FAIRE AFFICHER LA REDUCTION\nContinuer la fête et dormir sur l\'île (23h - 8h)', 'maxime.ollagnier@gmail.com', 'Acheté', 'OLLAGNIER S.I.', 'Salades pâtes, thon, tomates, olives et basilic', 17, 25, 9, 14, 4),
	(172, 'Maxime', 'OLLAGNIER', 'Activités + Afterwork (à partir de 9h30 jusqu\'à 23h) - SELECTIONNEZ POUR FAIRE AFFICHER LA REDUCTION\nContinuer la fête et dormir sur l\'île (23h - 8h)', 'maxime.ollagnier@gmail.com', 'Acheté', 'OLLAGNIER S.I.', 'Salades pâtes, thon, tomates, olives et basilic', 23, 26, 2, 14, 10),
	(173, 'Maxime', 'OLLAGNIER', 'Activités + Afterwork (à partir de 9h30 jusqu\'à 23h) - SELECTIONNEZ POUR FAIRE AFFICHER LA REDUCTION\nContinuer la fête et dormir sur l\'île (23h - 8h)', 'maxime.ollagnier@gmail.com', 'Acheté', 'OLLAGNIER S.I.', 'Salades pâtes, thon, tomates, olives et basilic', 11, 4, 8, 25, 10),
	(174, 'Maxime', 'OLLAGNIER', 'Activités + Afterwork (à partir de 9h30 jusqu\'à 23h) - SELECTIONNEZ POUR FAIRE AFFICHER LA REDUCTION\nContinuer la fête et dormir sur l\'île (23h - 8h)', 'maxime.ollagnier@gmail.com', 'Acheté', 'OLLAGNIER S.I.', 'Salades pâtes, thon, tomates, olives et basilic', 10, 19, 6, 3, 22),
	(175, 'Maxime', 'OLLAGNIER', 'Activités + Afterwork (à partir de 9h30 jusqu\'à 23h) - SELECTIONNEZ POUR FAIRE AFFICHER LA REDUCTION\nContinuer la fête et dormir sur l\'île (23h - 8h)', 'maxime.ollagnier@gmail.com', 'Acheté', 'OLLAGNIER S.I.', 'Salades pâtes, thon, tomates, olives et basilic', 18, 2, 7, 18, 25),
	(176, 'Maxime', 'OLLAGNIER', 'Activités + Afterwork (à partir de 9h30 jusqu\'à 23h) - SELECTIONNEZ POUR FAIRE AFFICHER LA REDUCTION\nContinuer la fête et dormir sur l\'île (23h - 8h)', 'maxime.ollagnier@gmail.com', 'Acheté', 'OLLAGNIER S.I.', 'Salades pâtes, thon, tomates, olives et basilic', 7, 7, 15, 2, 7),
	(177, 'Maxime', 'OLLAGNIER', 'Activités + Afterwork (à partir de 9h30 jusqu\'à 23h) - SELECTIONNEZ POUR FAIRE AFFICHER LA REDUCTION\nContinuer la fête et dormir sur l\'île (23h - 8h)', 'maxime.ollagnier@gmail.com', 'Acheté', 'OLLAGNIER S.I.', 'Salades pâtes, thon, tomates, olives et basilic', 7, 1, 3, 7, 11),
	(178, 'Maxime', 'OLLAGNIER', 'Activités + Afterwork (à partir de 9h30 jusqu\'à 23h) - SELECTIONNEZ POUR FAIRE AFFICHER LA REDUCTION\nContinuer la fête et dormir sur l\'île (23h - 8h)', 'maxime.ollagnier@gmail.com', 'Acheté', 'OLLAGNIER S.I.', 'Salades pâtes, thon, tomates, olives et basilic', 11, 11, 18, 2, 6),
	(179, 'Maxime', 'OLLAGNIER', 'Activités + Afterwork (à partir de 9h30 jusqu\'à 23h) - SELECTIONNEZ POUR FAIRE AFFICHER LA REDUCTION\nContinuer la fête et dormir sur l\'île (23h - 8h)', 'maxime.ollagnier@gmail.com', 'Acheté', 'OLLAGNIER S.I.', 'Salades pâtes, thon, tomates, olives et basilic', 8, 23, 3, 14, 21),
	(180, 'Maxime', 'OLLAGNIER', 'Activités + Afterwork (à partir de 9h30 jusqu\'à 23h) - SELECTIONNEZ POUR FAIRE AFFICHER LA REDUCTION\nContinuer la fête et dormir sur l\'île (23h - 8h)', 'maxime.ollagnier@gmail.com', 'Acheté', 'OLLAGNIER S.I.', 'Salades pâtes, thon, tomates, olives et basilic', 6, 3, 14, 10, 10),
	(181, 'Maxime', 'OLLAGNIER', 'Activités + Afterwork (à partir de 9h30 jusqu\'à 23h) - SELECTIONNEZ POUR FAIRE AFFICHER LA REDUCTION\nContinuer la fête et dormir sur l\'île (23h - 8h)', 'maxime.ollagnier@gmail.com', 'Acheté', 'OLLAGNIER S.I.', 'Salades pâtes, thon, tomates, olives et basilic', 4, 24, 5, 10, 13),
	(182, 'Maxime', 'OLLAGNIER', 'Activités + Afterwork (à partir de 9h30 jusqu\'à 23h) - SELECTIONNEZ POUR FAIRE AFFICHER LA REDUCTION\nContinuer la fête et dormir sur l\'île (23h - 8h)', 'maxime.ollagnier@gmail.com', 'Acheté', 'OLLAGNIER S.I.', 'Salades pâtes, thon, tomates, olives et basilic', 2, 7, 10, 15, 5),
	(183, 'Maxime', 'OLLAGNIER', 'Activités + Afterwork (à partir de 9h30 jusqu\'à 23h) - SELECTIONNEZ POUR FAIRE AFFICHER LA REDUCTION\nContinuer la fête et dormir sur l\'île (23h - 8h)', 'maxime.ollagnier@gmail.com', 'Acheté', 'OLLAGNIER S.I.', 'Salades pâtes, thon, tomates, olives et basilic', 21, 12, 8, 21, 14),
	(184, 'Maxime', 'OLLAGNIER', 'Activités + Afterwork (à partir de 9h30 jusqu\'à 23h) - SELECTIONNEZ POUR FAIRE AFFICHER LA REDUCTION\nContinuer la fête et dormir sur l\'île (23h - 8h)', 'maxime.ollagnier@gmail.com', 'Acheté', 'OLLAGNIER S.I.', 'Salades pâtes, thon, tomates, olives et basilic', 21, 11, 11, 8, 2),
	(185, 'Maxime', 'OLLAGNIER', 'Activités + Afterwork (à partir de 9h30 jusqu\'à 23h) - SELECTIONNEZ POUR FAIRE AFFICHER LA REDUCTION\nContinuer la fête et dormir sur l\'île (23h - 8h)', 'maxime.ollagnier@gmail.com', 'Acheté', 'OLLAGNIER S.I.', 'Salades pâtes, thon, tomates, olives et basilic', 14, 20, 26, 26, 17),
	(186, 'Jean-michel', 'DECROUY', 'Activités + Afterwork (à partir de 9h30 jusqu\'à 23h) - SELECTIONNEZ POUR FAIRE AFFICHER LA REDUCTION', 'jmd@creactive06.org', 'Acheté', 'Créactive 06', 'Sandwich jambon beurre gruyère', 6, 12, 21, 26, 26),
	(187, 'Jean-michel', 'DECROUY', 'Activités + Afterwork (à partir de 9h30 jusqu\'à 23h) - SELECTIONNEZ POUR FAIRE AFFICHER LA REDUCTION', 'jmd@creactive06.org', 'Acheté', 'Créactive 06', 'Sandwich jambon beurre gruyère', 14, 2, 25, 26, 1),
	(188, 'Jean-michel', 'DECROUY', 'Activités + Afterwork (à partir de 9h30 jusqu\'à 23h) - SELECTIONNEZ POUR FAIRE AFFICHER LA REDUCTION', 'jmd@creactive06.org', 'Acheté', 'Créactive 06', 'Sandwich jambon beurre gruyère', 24, 23, 10, 26, 4),
	(189, 'Jean-michel', 'DECROUY', 'Activités + Afterwork (à partir de 9h30 jusqu\'à 23h) - SELECTIONNEZ POUR FAIRE AFFICHER LA REDUCTION', 'jmd@creactive06.org', 'Acheté', 'Créactive 06', 'Sandwich jambon beurre gruyère', 25, 4, 24, 25, 16),
	(190, 'Jean-michel', 'DECROUY', 'Activités + Afterwork (à partir de 9h30 jusqu\'à 23h) - SELECTIONNEZ POUR FAIRE AFFICHER LA REDUCTION', 'jmd@creactive06.org', 'Acheté', 'Créactive 06', 'Sandwich jambon beurre gruyère', 26, 3, 10, 21, 14),
	(191, 'Jean-michel', 'DECROUY', 'Activités + Afterwork (à partir de 9h30 jusqu\'à 23h) - SELECTIONNEZ POUR FAIRE AFFICHER LA REDUCTION', 'jmd@creactive06.org', 'Acheté', 'Créactive 06', 'Sandwich jambon beurre gruyère', 4, 3, 4, 3, 22),
	(192, 'Jean-michel', 'DECROUY', 'Activités + Afterwork (à partir de 9h30 jusqu\'à 23h) - SELECTIONNEZ POUR FAIRE AFFICHER LA REDUCTION', 'jmd@creactive06.org', 'Acheté', 'Créactive 06', 'Sandwich jambon beurre gruyère', 19, 5, 13, 2, 15),
	(193, 'Jean-michel', 'DECROUY', 'Activités + Afterwork (à partir de 9h30 jusqu\'à 23h) - SELECTIONNEZ POUR FAIRE AFFICHER LA REDUCTION', 'jmd@creactive06.org', 'Acheté', 'Créactive 06', 'Sandwich jambon beurre gruyère', 1, 14, 2, 25, 8),
	(194, 'Jean-michel', 'DECROUY', 'Activités + Afterwork (à partir de 9h30 jusqu\'à 23h) - SELECTIONNEZ POUR FAIRE AFFICHER LA REDUCTION', 'jmd@creactive06.org', 'Acheté', 'Créactive 06', 'Sandwich jambon beurre gruyère', 27, 3, 23, 13, 18),
	(195, 'Jean-michel', 'DECROUY', 'Activités + Afterwork (à partir de 9h30 jusqu\'à 23h) - SELECTIONNEZ POUR FAIRE AFFICHER LA REDUCTION', 'jmd@creactive06.org', 'Acheté', 'Créactive 06', 'Sandwich jambon beurre gruyère', 25, 24, 5, 16, 15),
	(196, 'Jean-michel', 'DECROUY', 'Activités + Afterwork (à partir de 9h30 jusqu\'à 23h) - SELECTIONNEZ POUR FAIRE AFFICHER LA REDUCTION', 'jmd@creactive06.org', 'Acheté', 'Créactive 06', 'Sandwich jambon beurre gruyère', 17, 4, 5, 15, 18),
	(197, 'Jean-michel', 'DECROUY', 'Activités + Afterwork (à partir de 9h30 jusqu\'à 23h) - SELECTIONNEZ POUR FAIRE AFFICHER LA REDUCTION', 'jmd@creactive06.org', 'Acheté', 'Créactive 06', 'Sandwich jambon beurre gruyère', 11, 24, 11, 24, 21),
	(198, 'Jean-michel', 'DECROUY', 'Activités + Afterwork (à partir de 9h30 jusqu\'à 23h) - SELECTIONNEZ POUR FAIRE AFFICHER LA REDUCTION', 'jmd@creactive06.org', 'Acheté', 'Créactive 06', 'Sandwich jambon beurre gruyère', 4, 6, 10, 22, 21),
	(199, 'Jean-michel', 'DECROUY', 'Activités + Afterwork (à partir de 9h30 jusqu\'à 23h) - SELECTIONNEZ POUR FAIRE AFFICHER LA REDUCTION', 'jmd@creactive06.org', 'Acheté', 'Créactive 06', 'Sandwich jambon beurre gruyère', 9, 10, 19, 10, 15),
	(200, 'Jean-michel', 'DECROUY', 'Activités + Afterwork (à partir de 9h30 jusqu\'à 23h) - SELECTIONNEZ POUR FAIRE AFFICHER LA REDUCTION', 'jmd@creactive06.org', 'Acheté', 'Créactive 06', 'Sandwich jambon beurre gruyère', 7, 3, 10, 12, 13),
	(201, 'Jean-michel', 'DECROUY', 'Activités + Afterwork (à partir de 9h30 jusqu\'à 23h) - SELECTIONNEZ POUR FAIRE AFFICHER LA REDUCTION', 'jmd@creactive06.org', 'Acheté', 'Créactive 06', 'Sandwich jambon beurre gruyère', 9, 11, 20, 2, 17),
	(202, 'Jean-michel', 'DECROUY', 'Activités + Afterwork (à partir de 9h30 jusqu\'à 23h) - SELECTIONNEZ POUR FAIRE AFFICHER LA REDUCTION', 'jmd@creactive06.org', 'Acheté', 'Créactive 06', 'Sandwich jambon beurre gruyère', 21, 17, 17, 25, 20),
	(203, 'Jean-michel', 'DECROUY', 'Activités + Afterwork (à partir de 9h30 jusqu\'à 23h) - SELECTIONNEZ POUR FAIRE AFFICHER LA REDUCTION', 'jmd@creactive06.org', 'Acheté', 'Créactive 06', 'Sandwich jambon beurre gruyère', 25, 24, 24, 12, 22),
	(204, 'Jean-michel', 'DECROUY', 'Activités + Afterwork (à partir de 9h30 jusqu\'à 23h) - SELECTIONNEZ POUR FAIRE AFFICHER LA REDUCTION', 'jmd@creactive06.org', 'Acheté', 'Créactive 06', 'Sandwich jambon beurre gruyère', 10, 18, 16, 13, 22),
	(205, 'Jean-michel', 'DECROUY', 'Activités + Afterwork (à partir de 9h30 jusqu\'à 23h) - SELECTIONNEZ POUR FAIRE AFFICHER LA REDUCTION', 'jmd@creactive06.org', 'Acheté', 'Créactive 06', 'Sandwich jambon beurre gruyère', 24, 15, 8, 25, 17),
	(206, 'Jean-michel', 'DECROUY', 'Activités + Afterwork (à partir de 9h30 jusqu\'à 23h) - SELECTIONNEZ POUR FAIRE AFFICHER LA REDUCTION', 'jmd@creactive06.org', 'Acheté', 'Créactive 06', 'Sandwich jambon beurre gruyère', 10, 19, 17, 10, 19),
	(207, 'Jean-michel', 'DECROUY', 'Activités + Afterwork (à partir de 9h30 jusqu\'à 23h) - SELECTIONNEZ POUR FAIRE AFFICHER LA REDUCTION', 'jmd@creactive06.org', 'Acheté', 'Créactive 06', 'Sandwich jambon beurre gruyère', 5, 25, 7, 24, 15),
	(208, 'Jean-michel', 'DECROUY', 'Activités + Afterwork (à partir de 9h30 jusqu\'à 23h) - SELECTIONNEZ POUR FAIRE AFFICHER LA REDUCTION', 'jmd@creactive06.org', 'Acheté', 'Créactive 06', 'Sandwich jambon beurre gruyère', 21, 13, 8, 9, 18),
	(209, 'Jean-michel', 'DECROUY', 'Activités + Afterwork (à partir de 9h30 jusqu\'à 23h) - SELECTIONNEZ POUR FAIRE AFFICHER LA REDUCTION', 'jmd@creactive06.org', 'Acheté', 'Créactive 06', 'Sandwich jambon beurre gruyère', 10, 15, 21, 2, 17),
	(210, 'Jean-michel', 'DECROUY', 'Activités + Afterwork (à partir de 9h30 jusqu\'à 23h) - SELECTIONNEZ POUR FAIRE AFFICHER LA REDUCTION', 'jmd@creactive06.org', 'Acheté', 'Créactive 06', 'Sandwich jambon beurre gruyère', 12, 9, 26, 5, 6),
	(211, 'Jean-michel', 'DECROUY', 'Activités + Afterwork (à partir de 9h30 jusqu\'à 23h) - SELECTIONNEZ POUR FAIRE AFFICHER LA REDUCTION', 'jmd@creactive06.org', 'Acheté', 'Créactive 06', 'Sandwich jambon beurre gruyère', 5, 26, 13, 18, 5),
	(212, 'Jean-michel', 'DECROUY', 'Activités + Afterwork (à partir de 9h30 jusqu\'à 23h) - SELECTIONNEZ POUR FAIRE AFFICHER LA REDUCTION', 'jmd@creactive06.org', 'Acheté', 'Créactive 06', 'Sandwich jambon beurre gruyère', 13, 24, 15, 23, 4),
	(213, 'Jean-michel', 'DECROUY', 'Activités + Afterwork (à partir de 9h30 jusqu\'à 23h) - SELECTIONNEZ POUR FAIRE AFFICHER LA REDUCTION', 'jmd@creactive06.org', 'Acheté', 'Créactive 06', 'Sandwich jambon beurre gruyère', 22, 15, 6, 7, 3),
	(214, 'Jean-michel', 'DECROUY', 'Activités + Afterwork (à partir de 9h30 jusqu\'à 23h) - SELECTIONNEZ POUR FAIRE AFFICHER LA REDUCTION', 'jmd@creactive06.org', 'Acheté', 'Créactive 06', 'Sandwich jambon beurre gruyère', 18, 2, 9, 18, 4),
	(215, 'Jean-michel', 'DECROUY', 'Activités + Afterwork (à partir de 9h30 jusqu\'à 23h) - SELECTIONNEZ POUR FAIRE AFFICHER LA REDUCTION', 'jmd@creactive06.org', 'Acheté', 'Créactive 06', 'Sandwich jambon beurre gruyère', 22, 17, 2, 16, 10),
	(216, 'Jean-michel', 'DECROUY', 'Activités + Afterwork (à partir de 9h30 jusqu\'à 23h) - SELECTIONNEZ POUR FAIRE AFFICHER LA REDUCTION', 'jmd@creactive06.org', 'Acheté', 'Créactive 06', 'Sandwich jambon beurre gruyère', 5, 25, 7, 26, 10),
	(217, 'Jean-michel', 'DECROUY', 'Activités + Afterwork (à partir de 9h30 jusqu\'à 23h) - SELECTIONNEZ POUR FAIRE AFFICHER LA REDUCTION', 'jmd@creactive06.org', 'Acheté', 'Créactive 06', 'Sandwich jambon beurre gruyère', 11, 19, 4, 27, 18),
	(218, 'Jean-michel', 'DECROUY', 'Activités + Afterwork (à partir de 9h30 jusqu\'à 23h) - SELECTIONNEZ POUR FAIRE AFFICHER LA REDUCTION', 'jmd@creactive06.org', 'Acheté', 'Créactive 06', 'Sandwich jambon beurre gruyère', 13, 21, 24, 4, 9),
	(219, 'Jean-michel', 'DECROUY', 'Activités + Afterwork (à partir de 9h30 jusqu\'à 23h) - SELECTIONNEZ POUR FAIRE AFFICHER LA REDUCTION', 'jmd@creactive06.org', 'Acheté', 'Créactive 06', 'Sandwich jambon beurre gruyère', 6, 22, 27, 18, 14),
	(220, 'Jean-michel', 'DECROUY', 'Activités + Afterwork (à partir de 9h30 jusqu\'à 23h) - SELECTIONNEZ POUR FAIRE AFFICHER LA REDUCTION', 'jmd@creactive06.org', 'Acheté', 'Créactive 06', 'Sandwich jambon beurre gruyère', 14, 17, 10, 22, 15),
	(221, 'Jean-michel', 'DECROUY', 'Activités + Afterwork (à partir de 9h30 jusqu\'à 23h) - SELECTIONNEZ POUR FAIRE AFFICHER LA REDUCTION', 'jmd@creactive06.org', 'Acheté', 'Créactive 06', 'Sandwich jambon beurre gruyère', 24, 21, 22, 5, 9),
	(222, 'Jean-michel', 'DECROUY', 'Activités + Afterwork (à partir de 9h30 jusqu\'à 23h) - SELECTIONNEZ POUR FAIRE AFFICHER LA REDUCTION', 'jmd@creactive06.org', 'Acheté', 'Créactive 06', 'Sandwich jambon beurre gruyère', 2, 2, 27, 10, 22),
	(223, 'Jean-michel', 'DECROUY', 'Activités + Afterwork (à partir de 9h30 jusqu\'à 23h) - SELECTIONNEZ POUR FAIRE AFFICHER LA REDUCTION', 'jmd@creactive06.org', 'Acheté', 'Créactive 06', 'Sandwich jambon beurre gruyère', 13, 22, 13, 7, 5),
	(224, 'Jean-michel', 'DECROUY', 'Activités + Afterwork (à partir de 9h30 jusqu\'à 23h) - SELECTIONNEZ POUR FAIRE AFFICHER LA REDUCTION', 'jmd@creactive06.org', 'Acheté', 'Créactive 06', 'Sandwich jambon beurre gruyère', 6, 24, 12, 2, 10),
	(225, 'Jean-michel', 'DECROUY', 'Activités + Afterwork (à partir de 9h30 jusqu\'à 23h) - SELECTIONNEZ POUR FAIRE AFFICHER LA REDUCTION', 'jmd@creactive06.org', 'Acheté', 'Créactive 06', 'Sandwich jambon beurre gruyère', 16, 3, 17, 18, 7),
	(226, 'Jean-michel', 'DECROUY', 'Activités + Afterwork (à partir de 9h30 jusqu\'à 23h) - SELECTIONNEZ POUR FAIRE AFFICHER LA REDUCTION', 'jmd@creactive06.org', 'Acheté', 'Créactive 06', 'Sandwich jambon beurre gruyère', 11, 18, 25, 2, 6),
	(227, 'Jean-michel', 'DECROUY', 'Activités + Afterwork (à partir de 9h30 jusqu\'à 23h) - SELECTIONNEZ POUR FAIRE AFFICHER LA REDUCTION', 'jmd@creactive06.org', 'Acheté', 'Créactive 06', 'Sandwich jambon beurre gruyère', 4, 5, 20, 10, 6),
	(228, 'Jean-michel', 'DECROUY', 'Activités + Afterwork (à partir de 9h30 jusqu\'à 23h) - SELECTIONNEZ POUR FAIRE AFFICHER LA REDUCTION', 'jmd@creactive06.org', 'Acheté', 'Créactive 06', 'Sandwich jambon beurre gruyère', 13, 20, 25, 15, 13),
	(229, 'Emmanuel', 'PONÇON', 'Activités + Afterwork (à partir de 9h30 jusqu\'à 23h) - SELECTIONNEZ POUR FAIRE AFFICHER LA REDUCTION', 'ep@gps-gestion.fr', 'Acheté', 'GPS Gestion Performance Service', 'Salades pâtes, thon, tomates, olives et basilic', 2, 8, 9, 19, 20),
	(230, 'Emmanuel', 'PONÇON', 'Activités + Afterwork (à partir de 9h30 jusqu\'à 23h) - SELECTIONNEZ POUR FAIRE AFFICHER LA REDUCTION', 'ep@gps-gestion.fr', 'Acheté', 'GPS Gestion Performance Service', 'Salades pâtes, thon, tomates, olives et basilic', 19, 2, 24, 23, 8),
	(231, 'Emmanuel', 'PONÇON', 'Activités + Afterwork (à partir de 9h30 jusqu\'à 23h) - SELECTIONNEZ POUR FAIRE AFFICHER LA REDUCTION', 'ep@gps-gestion.fr', 'Acheté', 'GPS Gestion Performance Service', 'Salades pâtes, thon, tomates, olives et basilic', 10, 12, 14, 4, 5),
	(232, 'Emmanuel', 'PONÇON', 'Activités + Afterwork (à partir de 9h30 jusqu\'à 23h) - SELECTIONNEZ POUR FAIRE AFFICHER LA REDUCTION', 'ep@gps-gestion.fr', 'Acheté', 'GPS Gestion Performance Service', 'Salades pâtes, thon, tomates, olives et basilic', 18, 3, 22, 2, 2),
	(233, 'Emmanuel', 'PONÇON', 'Activités + Afterwork (à partir de 9h30 jusqu\'à 23h) - SELECTIONNEZ POUR FAIRE AFFICHER LA REDUCTION', 'ep@gps-gestion.fr', 'Acheté', 'GPS Gestion Performance Service', 'Salades pâtes, thon, tomates, olives et basilic', 7, 2, 14, 22, 17),
	(234, 'Emmanuel', 'PONÇON', 'Activités + Afterwork (à partir de 9h30 jusqu\'à 23h) - SELECTIONNEZ POUR FAIRE AFFICHER LA REDUCTION', 'ep@gps-gestion.fr', 'Acheté', 'GPS Gestion Performance Service', 'Salades pâtes, thon, tomates, olives et basilic', 6, 2, 4, 1, 2),
	(235, 'Emmanuel', 'PONÇON', 'Activités + Afterwork (à partir de 9h30 jusqu\'à 23h) - SELECTIONNEZ POUR FAIRE AFFICHER LA REDUCTION', 'ep@gps-gestion.fr', 'Acheté', 'GPS Gestion Performance Service', 'Salades pâtes, thon, tomates, olives et basilic', 8, 4, 3, 15, 8),
	(236, 'Emmanuel', 'PONÇON', 'Activités + Afterwork (à partir de 9h30 jusqu\'à 23h) - SELECTIONNEZ POUR FAIRE AFFICHER LA REDUCTION', 'ep@gps-gestion.fr', 'Acheté', 'GPS Gestion Performance Service', 'Salades pâtes, thon, tomates, olives et basilic', 19, 12, 27, 21, 8),
	(237, 'Emmanuel', 'PONÇON', 'Activités + Afterwork (à partir de 9h30 jusqu\'à 23h) - SELECTIONNEZ POUR FAIRE AFFICHER LA REDUCTION', 'ep@gps-gestion.fr', 'Acheté', 'GPS Gestion Performance Service', 'Salades pâtes, thon, tomates, olives et basilic', 20, 20, 21, 7, 16),
	(238, 'Emmanuel', 'PONÇON', 'Activités + Afterwork (à partir de 9h30 jusqu\'à 23h) - SELECTIONNEZ POUR FAIRE AFFICHER LA REDUCTION', 'ep@gps-gestion.fr', 'Acheté', 'GPS Gestion Performance Service', 'Salades pâtes, thon, tomates, olives et basilic', 17, 12, 23, 21, 4),
	(239, 'Emmanuel', 'PONÇON', 'Activités + Afterwork (à partir de 9h30 jusqu\'à 23h) - SELECTIONNEZ POUR FAIRE AFFICHER LA REDUCTION', 'ep@gps-gestion.fr', 'Acheté', 'GPS Gestion Performance Service', 'Salades pâtes, thon, tomates, olives et basilic', 25, 23, 24, 6, 21),
	(240, 'Emmanuel', 'PONÇON', 'Activités + Afterwork (à partir de 9h30 jusqu\'à 23h) - SELECTIONNEZ POUR FAIRE AFFICHER LA REDUCTION', 'ep@gps-gestion.fr', 'Acheté', 'GPS Gestion Performance Service', 'Salades pâtes, thon, tomates, olives et basilic', 20, 26, 23, 16, 16),
	(241, 'Emmanuel', 'PONÇON', 'Activités + Afterwork (à partir de 9h30 jusqu\'à 23h) - SELECTIONNEZ POUR FAIRE AFFICHER LA REDUCTION', 'ep@gps-gestion.fr', 'Acheté', 'GPS Gestion Performance Service', 'Salades pâtes, thon, tomates, olives et basilic', 24, 8, 18, 10, 16),
	(242, 'Emmanuel', 'PONÇON', 'Activités + Afterwork (à partir de 9h30 jusqu\'à 23h) - SELECTIONNEZ POUR FAIRE AFFICHER LA REDUCTION', 'ep@gps-gestion.fr', 'Acheté', 'GPS Gestion Performance Service', 'Salades pâtes, thon, tomates, olives et basilic', 8, 12, 21, 26, 6),
	(243, 'Emmanuel', 'PONÇON', 'Activités + Afterwork (à partir de 9h30 jusqu\'à 23h) - SELECTIONNEZ POUR FAIRE AFFICHER LA REDUCTION', 'ep@gps-gestion.fr', 'Acheté', 'GPS Gestion Performance Service', 'Salades pâtes, thon, tomates, olives et basilic', 20, 8, 23, 23, 8),
	(244, 'Emmanuel', 'PONÇON', 'Activités + Afterwork (à partir de 9h30 jusqu\'à 23h) - SELECTIONNEZ POUR FAIRE AFFICHER LA REDUCTION', 'ep@gps-gestion.fr', 'Acheté', 'GPS Gestion Performance Service', 'Salades pâtes, thon, tomates, olives et basilic', 21, 5, 25, 8, 18),
	(245, 'Emmanuel', 'PONÇON', 'Activités + Afterwork (à partir de 9h30 jusqu\'à 23h) - SELECTIONNEZ POUR FAIRE AFFICHER LA REDUCTION', 'ep@gps-gestion.fr', 'Acheté', 'GPS Gestion Performance Service', 'Salades pâtes, thon, tomates, olives et basilic', 19, 24, 4, 22, 12),
	(246, 'Emmanuel', 'PONÇON', 'Activités + Afterwork (à partir de 9h30 jusqu\'à 23h) - SELECTIONNEZ POUR FAIRE AFFICHER LA REDUCTION', 'ep@gps-gestion.fr', 'Acheté', 'GPS Gestion Performance Service', 'Salades pâtes, thon, tomates, olives et basilic', 3, 26, 19, 9, 7),
	(247, 'Emmanuel', 'PONÇON', 'Activités + Afterwork (à partir de 9h30 jusqu\'à 23h) - SELECTIONNEZ POUR FAIRE AFFICHER LA REDUCTION', 'ep@gps-gestion.fr', 'Acheté', 'GPS Gestion Performance Service', 'Salades pâtes, thon, tomates, olives et basilic', 10, 4, 8, 4, 22),
	(248, 'Emmanuel', 'PONÇON', 'Activités + Afterwork (à partir de 9h30 jusqu\'à 23h) - SELECTIONNEZ POUR FAIRE AFFICHER LA REDUCTION', 'ep@gps-gestion.fr', 'Acheté', 'GPS Gestion Performance Service', 'Salades pâtes, thon, tomates, olives et basilic', 12, 22, 5, 18, 12),
	(249, 'Emmanuel', 'PONÇON', 'Activités + Afterwork (à partir de 9h30 jusqu\'à 23h) - SELECTIONNEZ POUR FAIRE AFFICHER LA REDUCTION', 'ep@gps-gestion.fr', 'Acheté', 'GPS Gestion Performance Service', 'Salades pâtes, thon, tomates, olives et basilic', 5, 19, 25, 23, 20),
	(250, 'Emmanuel', 'PONÇON', 'Activités + Afterwork (à partir de 9h30 jusqu\'à 23h) - SELECTIONNEZ POUR FAIRE AFFICHER LA REDUCTION', 'ep@gps-gestion.fr', 'Acheté', 'GPS Gestion Performance Service', 'Salades pâtes, thon, tomates, olives et basilic', 15, 3, 8, 9, 12),
	(251, 'Emmanuel', 'PONÇON', 'Activités + Afterwork (à partir de 9h30 jusqu\'à 23h) - SELECTIONNEZ POUR FAIRE AFFICHER LA REDUCTION', 'ep@gps-gestion.fr', 'Acheté', 'GPS Gestion Performance Service', 'Salades pâtes, thon, tomates, olives et basilic', 5, 6, 13, 25, 23),
	(252, 'Emmanuel', 'PONÇON', 'Activités + Afterwork (à partir de 9h30 jusqu\'à 23h) - SELECTIONNEZ POUR FAIRE AFFICHER LA REDUCTION', 'ep@gps-gestion.fr', 'Acheté', 'GPS Gestion Performance Service', 'Salades pâtes, thon, tomates, olives et basilic', 4, 23, 17, 21, 26),
	(253, 'Emmanuel', 'PONÇON', 'Activités + Afterwork (à partir de 9h30 jusqu\'à 23h) - SELECTIONNEZ POUR FAIRE AFFICHER LA REDUCTION', 'ep@gps-gestion.fr', 'Acheté', 'GPS Gestion Performance Service', 'Salades pâtes, thon, tomates, olives et basilic', 4, 18, 17, 1, 7),
	(254, 'Emmanuel', 'PONÇON', 'Activités + Afterwork (à partir de 9h30 jusqu\'à 23h) - SELECTIONNEZ POUR FAIRE AFFICHER LA REDUCTION', 'ep@gps-gestion.fr', 'Acheté', 'GPS Gestion Performance Service', 'Salades pâtes, thon, tomates, olives et basilic', 6, 18, 7, 20, 11),
	(255, 'Emmanuel', 'PONÇON', 'Activités + Afterwork (à partir de 9h30 jusqu\'à 23h) - SELECTIONNEZ POUR FAIRE AFFICHER LA REDUCTION', 'ep@gps-gestion.fr', 'Acheté', 'GPS Gestion Performance Service', 'Salades pâtes, thon, tomates, olives et basilic', 19, 8, 10, 19, 5),
	(256, 'Emmanuel', 'PONÇON', 'Activités + Afterwork (à partir de 9h30 jusqu\'à 23h) - SELECTIONNEZ POUR FAIRE AFFICHER LA REDUCTION', 'ep@gps-gestion.fr', 'Acheté', 'GPS Gestion Performance Service', 'Salades pâtes, thon, tomates, olives et basilic', 23, 12, 27, 9, 16),
	(257, 'Emmanuel', 'PONÇON', 'Activités + Afterwork (à partir de 9h30 jusqu\'à 23h) - SELECTIONNEZ POUR FAIRE AFFICHER LA REDUCTION', 'ep@gps-gestion.fr', 'Acheté', 'GPS Gestion Performance Service', 'Salades pâtes, thon, tomates, olives et basilic', 7, 11, 26, 14, 11),
	(258, 'Emmanuel', 'PONÇON', 'Activités + Afterwork (à partir de 9h30 jusqu\'à 23h) - SELECTIONNEZ POUR FAIRE AFFICHER LA REDUCTION', 'ep@gps-gestion.fr', 'Acheté', 'GPS Gestion Performance Service', 'Salades pâtes, thon, tomates, olives et basilic', 17, 18, 23, 13, 9),
	(259, 'Emmanuel', 'PONÇON', 'Activités + Afterwork (à partir de 9h30 jusqu\'à 23h) - SELECTIONNEZ POUR FAIRE AFFICHER LA REDUCTION', 'ep@gps-gestion.fr', 'Acheté', 'GPS Gestion Performance Service', 'Salades pâtes, thon, tomates, olives et basilic', 11, 1, 11, 21, 8),
	(260, 'Emmanuel', 'PONÇON', 'Activités + Afterwork (à partir de 9h30 jusqu\'à 23h) - SELECTIONNEZ POUR FAIRE AFFICHER LA REDUCTION', 'ep@gps-gestion.fr', 'Acheté', 'GPS Gestion Performance Service', 'Salades pâtes, thon, tomates, olives et basilic', 2, 4, 9, 16, 15),
	(261, 'Emmanuel', 'PONÇON', 'Activités + Afterwork (à partir de 9h30 jusqu\'à 23h) - SELECTIONNEZ POUR FAIRE AFFICHER LA REDUCTION', 'ep@gps-gestion.fr', 'Acheté', 'GPS Gestion Performance Service', 'Salades pâtes, thon, tomates, olives et basilic', 3, 16, 11, 15, 24),
	(262, 'Emmanuel', 'PONÇON', 'Activités + Afterwork (à partir de 9h30 jusqu\'à 23h) - SELECTIONNEZ POUR FAIRE AFFICHER LA REDUCTION', 'ep@gps-gestion.fr', 'Acheté', 'GPS Gestion Performance Service', 'Salades pâtes, thon, tomates, olives et basilic', 9, 13, 2, 26, 21),
	(263, 'Emmanuel', 'PONÇON', 'Activités + Afterwork (à partir de 9h30 jusqu\'à 23h) - SELECTIONNEZ POUR FAIRE AFFICHER LA REDUCTION', 'ep@gps-gestion.fr', 'Acheté', 'GPS Gestion Performance Service', 'Salades pâtes, thon, tomates, olives et basilic', 7, 17, 1, 5, 8),
	(264, 'Chris', 'Masse', 'Activités + Afterwork (à partir de 9h30 jusqu\'à 23h) - SELECTIONNEZ POUR FAIRE AFFICHER LA REDUCTION', 'chrisfmasse@gmail.com', 'Acheté', 'Space-Time Master', 'Salades pâtes, thon, tomates, olives et basilic', 8, 19, 25, 24, 27),
	(265, 'Chris', 'Masse', 'Activités + Afterwork (à partir de 9h30 jusqu\'à 23h) - SELECTIONNEZ POUR FAIRE AFFICHER LA REDUCTION', 'chrisfmasse@gmail.com', 'Acheté', 'Space-Time Master', 'Salades pâtes, thon, tomates, olives et basilic', 19, 18, 18, 26, 4),
	(266, 'Chris', 'Masse', 'Activités + Afterwork (à partir de 9h30 jusqu\'à 23h) - SELECTIONNEZ POUR FAIRE AFFICHER LA REDUCTION', 'chrisfmasse@gmail.com', 'Acheté', 'Space-Time Master', 'Salades pâtes, thon, tomates, olives et basilic', 19, 7, 13, 5, 16),
	(267, 'Chris', 'Masse', 'Activités + Afterwork (à partir de 9h30 jusqu\'à 23h) - SELECTIONNEZ POUR FAIRE AFFICHER LA REDUCTION', 'chrisfmasse@gmail.com', 'Acheté', 'Space-Time Master', 'Salades pâtes, thon, tomates, olives et basilic', 9, 5, 11, 24, 15),
	(268, 'Chris', 'Masse', 'Activités + Afterwork (à partir de 9h30 jusqu\'à 23h) - SELECTIONNEZ POUR FAIRE AFFICHER LA REDUCTION', 'chrisfmasse@gmail.com', 'Acheté', 'Space-Time Master', 'Salades pâtes, thon, tomates, olives et basilic', 14, 2, 15, 25, 26),
	(269, 'Chris', 'Masse', 'Activités + Afterwork (à partir de 9h30 jusqu\'à 23h) - SELECTIONNEZ POUR FAIRE AFFICHER LA REDUCTION', 'chrisfmasse@gmail.com', 'Acheté', 'Space-Time Master', 'Salades pâtes, thon, tomates, olives et basilic', 14, 22, 15, 26, 6),
	(270, 'Chris', 'Masse', 'Activités + Afterwork (à partir de 9h30 jusqu\'à 23h) - SELECTIONNEZ POUR FAIRE AFFICHER LA REDUCTION', 'chrisfmasse@gmail.com', 'Acheté', 'Space-Time Master', 'Salades pâtes, thon, tomates, olives et basilic', 3, 24, 5, 4, 3),
	(271, 'Chris', 'Masse', 'Activités + Afterwork (à partir de 9h30 jusqu\'à 23h) - SELECTIONNEZ POUR FAIRE AFFICHER LA REDUCTION', 'chrisfmasse@gmail.com', 'Acheté', 'Space-Time Master', 'Salades pâtes, thon, tomates, olives et basilic', 25, 2, 2, 17, 21),
	(272, 'Chris', 'Masse', 'Activités + Afterwork (à partir de 9h30 jusqu\'à 23h) - SELECTIONNEZ POUR FAIRE AFFICHER LA REDUCTION', 'chrisfmasse@gmail.com', 'Acheté', 'Space-Time Master', 'Salades pâtes, thon, tomates, olives et basilic', 10, 13, 22, 22, 19),
	(273, 'Chris', 'Masse', 'Activités + Afterwork (à partir de 9h30 jusqu\'à 23h) - SELECTIONNEZ POUR FAIRE AFFICHER LA REDUCTION', 'chrisfmasse@gmail.com', 'Acheté', 'Space-Time Master', 'Salades pâtes, thon, tomates, olives et basilic', 2, 6, 24, 6, 4),
	(274, 'Chris', 'Masse', 'Activités + Afterwork (à partir de 9h30 jusqu\'à 23h) - SELECTIONNEZ POUR FAIRE AFFICHER LA REDUCTION', 'chrisfmasse@gmail.com', 'Acheté', 'Space-Time Master', 'Salades pâtes, thon, tomates, olives et basilic', 3, 15, 3, 13, 13),
	(275, 'Chris', 'Masse', 'Activités + Afterwork (à partir de 9h30 jusqu\'à 23h) - SELECTIONNEZ POUR FAIRE AFFICHER LA REDUCTION', 'chrisfmasse@gmail.com', 'Acheté', 'Space-Time Master', 'Salades pâtes, thon, tomates, olives et basilic', 8, 6, 18, 22, 1),
	(276, 'Chris', 'Masse', 'Activités + Afterwork (à partir de 9h30 jusqu\'à 23h) - SELECTIONNEZ POUR FAIRE AFFICHER LA REDUCTION', 'chrisfmasse@gmail.com', 'Acheté', 'Space-Time Master', 'Salades pâtes, thon, tomates, olives et basilic', 3, 8, 3, 19, 17),
	(277, 'Chris', 'Masse', 'Activités + Afterwork (à partir de 9h30 jusqu\'à 23h) - SELECTIONNEZ POUR FAIRE AFFICHER LA REDUCTION', 'chrisfmasse@gmail.com', 'Acheté', 'Space-Time Master', 'Salades pâtes, thon, tomates, olives et basilic', 18, 22, 12, 25, 3),
	(278, 'Chris', 'Masse', 'Activités + Afterwork (à partir de 9h30 jusqu\'à 23h) - SELECTIONNEZ POUR FAIRE AFFICHER LA REDUCTION', 'chrisfmasse@gmail.com', 'Acheté', 'Space-Time Master', 'Salades pâtes, thon, tomates, olives et basilic', 3, 9, 22, 18, 17),
	(279, 'Chris', 'Masse', 'Activités + Afterwork (à partir de 9h30 jusqu\'à 23h) - SELECTIONNEZ POUR FAIRE AFFICHER LA REDUCTION', 'chrisfmasse@gmail.com', 'Acheté', 'Space-Time Master', 'Salades pâtes, thon, tomates, olives et basilic', 11, 3, 23, 14, 21),
	(280, 'Chris', 'Masse', 'Activités + Afterwork (à partir de 9h30 jusqu\'à 23h) - SELECTIONNEZ POUR FAIRE AFFICHER LA REDUCTION', 'chrisfmasse@gmail.com', 'Acheté', 'Space-Time Master', 'Salades pâtes, thon, tomates, olives et basilic', 21, 12, 23, 15, 3),
	(281, 'Chris', 'Masse', 'Activités + Afterwork (à partir de 9h30 jusqu\'à 23h) - SELECTIONNEZ POUR FAIRE AFFICHER LA REDUCTION', 'chrisfmasse@gmail.com', 'Acheté', 'Space-Time Master', 'Salades pâtes, thon, tomates, olives et basilic', 17, 24, 19, 4, 2),
	(282, 'Chris', 'Masse', 'Activités + Afterwork (à partir de 9h30 jusqu\'à 23h) - SELECTIONNEZ POUR FAIRE AFFICHER LA REDUCTION', 'chrisfmasse@gmail.com', 'Acheté', 'Space-Time Master', 'Salades pâtes, thon, tomates, olives et basilic', 20, 7, 24, 25, 25),
	(283, 'Chris', 'Masse', 'Activités + Afterwork (à partir de 9h30 jusqu\'à 23h) - SELECTIONNEZ POUR FAIRE AFFICHER LA REDUCTION', 'chrisfmasse@gmail.com', 'Acheté', 'Space-Time Master', 'Salades pâtes, thon, tomates, olives et basilic', 22, 14, 11, 11, 15),
	(284, 'Chris', 'Masse', 'Activités + Afterwork (à partir de 9h30 jusqu\'à 23h) - SELECTIONNEZ POUR FAIRE AFFICHER LA REDUCTION', 'chrisfmasse@gmail.com', 'Acheté', 'Space-Time Master', 'Salades pâtes, thon, tomates, olives et basilic', 25, 21, 6, 3, 23),
	(285, 'Chris', 'Masse', 'Activités + Afterwork (à partir de 9h30 jusqu\'à 23h) - SELECTIONNEZ POUR FAIRE AFFICHER LA REDUCTION', 'chrisfmasse@gmail.com', 'Acheté', 'Space-Time Master', 'Salades pâtes, thon, tomates, olives et basilic', 3, 11, 21, 7, 18),
	(286, 'Chris', 'Masse', 'Activités + Afterwork (à partir de 9h30 jusqu\'à 23h) - SELECTIONNEZ POUR FAIRE AFFICHER LA REDUCTION', 'chrisfmasse@gmail.com', 'Acheté', 'Space-Time Master', 'Salades pâtes, thon, tomates, olives et basilic', 19, 15, 11, 27, 22),
	(287, 'Chris', 'Masse', 'Activités + Afterwork (à partir de 9h30 jusqu\'à 23h) - SELECTIONNEZ POUR FAIRE AFFICHER LA REDUCTION', 'chrisfmasse@gmail.com', 'Acheté', 'Space-Time Master', 'Salades pâtes, thon, tomates, olives et basilic', 5, 16, 15, 6, 3),
	(288, 'Chris', 'Masse', 'Activités + Afterwork (à partir de 9h30 jusqu\'à 23h) - SELECTIONNEZ POUR FAIRE AFFICHER LA REDUCTION', 'chrisfmasse@gmail.com', 'Acheté', 'Space-Time Master', 'Salades pâtes, thon, tomates, olives et basilic', 19, 9, 13, 3, 23),
	(289, 'Chris', 'Masse', 'Activités + Afterwork (à partir de 9h30 jusqu\'à 23h) - SELECTIONNEZ POUR FAIRE AFFICHER LA REDUCTION', 'chrisfmasse@gmail.com', 'Acheté', 'Space-Time Master', 'Salades pâtes, thon, tomates, olives et basilic', 26, 20, 23, 21, 4),
	(290, 'Chris', 'Masse', 'Activités + Afterwork (à partir de 9h30 jusqu\'à 23h) - SELECTIONNEZ POUR FAIRE AFFICHER LA REDUCTION', 'chrisfmasse@gmail.com', 'Acheté', 'Space-Time Master', 'Salades pâtes, thon, tomates, olives et basilic', 22, 20, 21, 19, 26),
	(291, 'Chris', 'Masse', 'Activités + Afterwork (à partir de 9h30 jusqu\'à 23h) - SELECTIONNEZ POUR FAIRE AFFICHER LA REDUCTION', 'chrisfmasse@gmail.com', 'Acheté', 'Space-Time Master', 'Salades pâtes, thon, tomates, olives et basilic', 5, 13, 10, 3, 16),
	(292, 'Chris', 'Masse', 'Activités + Afterwork (à partir de 9h30 jusqu\'à 23h) - SELECTIONNEZ POUR FAIRE AFFICHER LA REDUCTION', 'chrisfmasse@gmail.com', 'Acheté', 'Space-Time Master', 'Salades pâtes, thon, tomates, olives et basilic', 10, 2, 12, 10, 24),
	(293, 'Chris', 'Masse', 'Activités + Afterwork (à partir de 9h30 jusqu\'à 23h) - SELECTIONNEZ POUR FAIRE AFFICHER LA REDUCTION', 'chrisfmasse@gmail.com', 'Acheté', 'Space-Time Master', 'Salades pâtes, thon, tomates, olives et basilic', 8, 26, 4, 12, 22),
	(294, 'Chris', 'Masse', 'Activités + Afterwork (à partir de 9h30 jusqu\'à 23h) - SELECTIONNEZ POUR FAIRE AFFICHER LA REDUCTION', 'chrisfmasse@gmail.com', 'Acheté', 'Space-Time Master', 'Salades pâtes, thon, tomates, olives et basilic', 7, 16, 10, 4, 8),
	(295, 'Chris', 'Masse', 'Activités + Afterwork (à partir de 9h30 jusqu\'à 23h) - SELECTIONNEZ POUR FAIRE AFFICHER LA REDUCTION', 'chrisfmasse@gmail.com', 'Acheté', 'Space-Time Master', 'Salades pâtes, thon, tomates, olives et basilic', 11, 3, 8, 9, 26),
	(296, 'Chris', 'Masse', 'Activités + Afterwork (à partir de 9h30 jusqu\'à 23h) - SELECTIONNEZ POUR FAIRE AFFICHER LA REDUCTION', 'chrisfmasse@gmail.com', 'Acheté', 'Space-Time Master', 'Salades pâtes, thon, tomates, olives et basilic', 7, 17, 9, 7, 1),
	(297, 'Chris', 'Masse', 'Activités + Afterwork (à partir de 9h30 jusqu\'à 23h) - SELECTIONNEZ POUR FAIRE AFFICHER LA REDUCTION', 'chrisfmasse@gmail.com', 'Acheté', 'Space-Time Master', 'Salades pâtes, thon, tomates, olives et basilic', 26, 25, 22, 7, 5),
	(298, 'Chris', 'Masse', 'Activités + Afterwork (à partir de 9h30 jusqu\'à 23h) - SELECTIONNEZ POUR FAIRE AFFICHER LA REDUCTION', 'chrisfmasse@gmail.com', 'Acheté', 'Space-Time Master', 'Salades pâtes, thon, tomates, olives et basilic', 6, 20, 5, 12, 22),
	(299, 'Chris', 'Masse', 'Activités + Afterwork (à partir de 9h30 jusqu\'à 23h) - SELECTIONNEZ POUR FAIRE AFFICHER LA REDUCTION', 'chrisfmasse@gmail.com', 'Acheté', 'Space-Time Master', 'Salades pâtes, thon, tomates, olives et basilic', 3, 24, 8, 14, 16),
	(300, 'Chris', 'Masse', 'Activités + Afterwork (à partir de 9h30 jusqu\'à 23h) - SELECTIONNEZ POUR FAIRE AFFICHER LA REDUCTION', 'chrisfmasse@gmail.com', 'Acheté', 'Space-Time Master', 'Salades pâtes, thon, tomates, olives et basilic', 23, 7, 24, 6, 11),
	(301, 'Chris', 'Masse', 'Activités + Afterwork (à partir de 9h30 jusqu\'à 23h) - SELECTIONNEZ POUR FAIRE AFFICHER LA REDUCTION', 'chrisfmasse@gmail.com', 'Acheté', 'Space-Time Master', 'Salades pâtes, thon, tomates, olives et basilic', 27, 15, 15, 13, 5),
	(302, 'Chris', 'Masse', 'Activités + Afterwork (à partir de 9h30 jusqu\'à 23h) - SELECTIONNEZ POUR FAIRE AFFICHER LA REDUCTION', 'chrisfmasse@gmail.com', 'Acheté', 'Space-Time Master', 'Salades pâtes, thon, tomates, olives et basilic', 11, 24, 6, 20, 18),
	(303, 'Chris', 'Masse', 'Activités + Afterwork (à partir de 9h30 jusqu\'à 23h) - SELECTIONNEZ POUR FAIRE AFFICHER LA REDUCTION', 'chrisfmasse@gmail.com', 'Acheté', 'Space-Time Master', 'Salades pâtes, thon, tomates, olives et basilic', 25, 25, 6, 10, 23),
	(304, 'Chris', 'Masse', 'Activités + Afterwork (à partir de 9h30 jusqu\'à 23h) - SELECTIONNEZ POUR FAIRE AFFICHER LA REDUCTION', 'chrisfmasse@gmail.com', 'Acheté', 'Space-Time Master', 'Salades pâtes, thon, tomates, olives et basilic', 15, 24, 14, 14, 9),
	(305, 'Chris', 'Masse', 'Activités + Afterwork (à partir de 9h30 jusqu\'à 23h) - SELECTIONNEZ POUR FAIRE AFFICHER LA REDUCTION', 'chrisfmasse@gmail.com', 'Acheté', 'Space-Time Master', 'Salades pâtes, thon, tomates, olives et basilic', 22, 20, 24, 11, 25),
	(306, 'Chris', 'Masse', 'Activités + Afterwork (à partir de 9h30 jusqu\'à 23h) - SELECTIONNEZ POUR FAIRE AFFICHER LA REDUCTION', 'chrisfmasse@gmail.com', 'Acheté', 'Space-Time Master', 'Salades pâtes, thon, tomates, olives et basilic', 13, 1, 26, 14, 19),
	(307, 'Sébastien', 'AUBERT', 'Activités + Afterwork (à partir de 9h30 jusqu\'à 23h) - SELECTIONNEZ POUR FAIRE AFFICHER LA REDUCTION\nContinuer la fête et dormir sur l\'île (23h - 8h)', 's.aubert@adastra-films.com', 'Acheté', '', 'Salades pâtes, thon, tomates, olives et basilic', NULL, NULL, NULL, NULL, NULL),
	(308, 'Sébastien', 'AUBERT', 'Activités + Afterwork (à partir de 9h30 jusqu\'à 23h) - SELECTIONNEZ POUR FAIRE AFFICHER LA REDUCTION\nContinuer la fête et dormir sur l\'île (23h - 8h)', 's.aubert@adastra-films.com', 'Acheté', '', 'Salades pâtes, thon, tomates, olives et basilic', NULL, NULL, NULL, NULL, NULL),
	(309, 'Sébastien', 'AUBERT', 'Activités + Afterwork (à partir de 9h30 jusqu\'à 23h) - SELECTIONNEZ POUR FAIRE AFFICHER LA REDUCTION\nContinuer la fête et dormir sur l\'île (23h - 8h)', 's.aubert@adastra-films.com', 'Acheté', '', 'Salades pâtes, thon, tomates, olives et basilic', NULL, NULL, NULL, NULL, NULL),
	(310, 'Sébastien', 'AUBERT', 'Activités + Afterwork (à partir de 9h30 jusqu\'à 23h) - SELECTIONNEZ POUR FAIRE AFFICHER LA REDUCTION\nContinuer la fête et dormir sur l\'île (23h - 8h)', 's.aubert@adastra-films.com', 'Acheté', '', 'Salades pâtes, thon, tomates, olives et basilic', NULL, NULL, NULL, NULL, NULL),
	(311, 'Sébastien', 'AUBERT', 'Activités + Afterwork (à partir de 9h30 jusqu\'à 23h) - SELECTIONNEZ POUR FAIRE AFFICHER LA REDUCTION\nContinuer la fête et dormir sur l\'île (23h - 8h)', 's.aubert@adastra-films.com', 'Acheté', '', 'Salades pâtes, thon, tomates, olives et basilic', NULL, NULL, NULL, NULL, NULL),
	(312, 'Sébastien', 'AUBERT', 'Activités + Afterwork (à partir de 9h30 jusqu\'à 23h) - SELECTIONNEZ POUR FAIRE AFFICHER LA REDUCTION\nContinuer la fête et dormir sur l\'île (23h - 8h)', 's.aubert@adastra-films.com', 'Acheté', '', 'Salades pâtes, thon, tomates, olives et basilic', NULL, NULL, NULL, NULL, NULL),
	(313, 'Sébastien', 'AUBERT', 'Activités + Afterwork (à partir de 9h30 jusqu\'à 23h) - SELECTIONNEZ POUR FAIRE AFFICHER LA REDUCTION\nContinuer la fête et dormir sur l\'île (23h - 8h)', 's.aubert@adastra-films.com', 'Acheté', '', 'Salades pâtes, thon, tomates, olives et basilic', NULL, NULL, NULL, NULL, NULL),
	(314, 'Sébastien', 'AUBERT', 'Activités + Afterwork (à partir de 9h30 jusqu\'à 23h) - SELECTIONNEZ POUR FAIRE AFFICHER LA REDUCTION\nContinuer la fête et dormir sur l\'île (23h - 8h)', 's.aubert@adastra-films.com', 'Acheté', '', 'Salades pâtes, thon, tomates, olives et basilic', NULL, NULL, NULL, NULL, NULL),
	(315, 'Sébastien', 'AUBERT', 'Activités + Afterwork (à partir de 9h30 jusqu\'à 23h) - SELECTIONNEZ POUR FAIRE AFFICHER LA REDUCTION\nContinuer la fête et dormir sur l\'île (23h - 8h)', 's.aubert@adastra-films.com', 'Acheté', '', 'Salades pâtes, thon, tomates, olives et basilic', NULL, NULL, NULL, NULL, NULL),
	(316, 'Sébastien', 'AUBERT', 'Activités + Afterwork (à partir de 9h30 jusqu\'à 23h) - SELECTIONNEZ POUR FAIRE AFFICHER LA REDUCTION\nContinuer la fête et dormir sur l\'île (23h - 8h)', 's.aubert@adastra-films.com', 'Acheté', '', 'Salades pâtes, thon, tomates, olives et basilic', NULL, NULL, NULL, NULL, NULL),
	(317, 'Sébastien', 'AUBERT', 'Activités + Afterwork (à partir de 9h30 jusqu\'à 23h) - SELECTIONNEZ POUR FAIRE AFFICHER LA REDUCTION\nContinuer la fête et dormir sur l\'île (23h - 8h)', 's.aubert@adastra-films.com', 'Acheté', '', 'Salades pâtes, thon, tomates, olives et basilic', NULL, NULL, NULL, NULL, NULL),
	(318, 'Sébastien', 'AUBERT', 'Activités + Afterwork (à partir de 9h30 jusqu\'à 23h) - SELECTIONNEZ POUR FAIRE AFFICHER LA REDUCTION\nContinuer la fête et dormir sur l\'île (23h - 8h)', 's.aubert@adastra-films.com', 'Acheté', '', 'Salades pâtes, thon, tomates, olives et basilic', NULL, NULL, NULL, NULL, NULL),
	(319, 'Sébastien', 'AUBERT', 'Activités + Afterwork (à partir de 9h30 jusqu\'à 23h) - SELECTIONNEZ POUR FAIRE AFFICHER LA REDUCTION\nContinuer la fête et dormir sur l\'île (23h - 8h)', 's.aubert@adastra-films.com', 'Acheté', '', 'Salades pâtes, thon, tomates, olives et basilic', NULL, NULL, NULL, NULL, NULL),
	(320, 'Sébastien', 'AUBERT', 'Activités + Afterwork (à partir de 9h30 jusqu\'à 23h) - SELECTIONNEZ POUR FAIRE AFFICHER LA REDUCTION\nContinuer la fête et dormir sur l\'île (23h - 8h)', 's.aubert@adastra-films.com', 'Acheté', '', 'Salades pâtes, thon, tomates, olives et basilic', NULL, NULL, NULL, NULL, NULL),
	(321, 'Sébastien', 'AUBERT', 'Activités + Afterwork (à partir de 9h30 jusqu\'à 23h) - SELECTIONNEZ POUR FAIRE AFFICHER LA REDUCTION\nContinuer la fête et dormir sur l\'île (23h - 8h)', 's.aubert@adastra-films.com', 'Acheté', '', 'Salades pâtes, thon, tomates, olives et basilic', NULL, NULL, NULL, NULL, NULL),
	(322, 'Sébastien', 'AUBERT', 'Activités + Afterwork (à partir de 9h30 jusqu\'à 23h) - SELECTIONNEZ POUR FAIRE AFFICHER LA REDUCTION\nContinuer la fête et dormir sur l\'île (23h - 8h)', 's.aubert@adastra-films.com', 'Acheté', '', 'Salades pâtes, thon, tomates, olives et basilic', NULL, NULL, NULL, NULL, NULL),
	(323, 'Sébastien', 'AUBERT', 'Activités + Afterwork (à partir de 9h30 jusqu\'à 23h) - SELECTIONNEZ POUR FAIRE AFFICHER LA REDUCTION\nContinuer la fête et dormir sur l\'île (23h - 8h)', 's.aubert@adastra-films.com', 'Acheté', '', 'Salades pâtes, thon, tomates, olives et basilic', NULL, NULL, NULL, NULL, NULL),
	(324, 'Sébastien', 'AUBERT', 'Activités + Afterwork (à partir de 9h30 jusqu\'à 23h) - SELECTIONNEZ POUR FAIRE AFFICHER LA REDUCTION\nContinuer la fête et dormir sur l\'île (23h - 8h)', 's.aubert@adastra-films.com', 'Acheté', '', 'Salades pâtes, thon, tomates, olives et basilic', NULL, NULL, NULL, NULL, NULL),
	(325, 'Sébastien', 'AUBERT', 'Activités + Afterwork (à partir de 9h30 jusqu\'à 23h) - SELECTIONNEZ POUR FAIRE AFFICHER LA REDUCTION\nContinuer la fête et dormir sur l\'île (23h - 8h)', 's.aubert@adastra-films.com', 'Acheté', '', 'Salades pâtes, thon, tomates, olives et basilic', NULL, NULL, NULL, NULL, NULL),
	(326, 'Sébastien', 'AUBERT', 'Activités + Afterwork (à partir de 9h30 jusqu\'à 23h) - SELECTIONNEZ POUR FAIRE AFFICHER LA REDUCTION\nContinuer la fête et dormir sur l\'île (23h - 8h)', 's.aubert@adastra-films.com', 'Acheté', '', 'Salades pâtes, thon, tomates, olives et basilic', NULL, NULL, NULL, NULL, NULL),
	(327, 'Sébastien', 'AUBERT', 'Activités + Afterwork (à partir de 9h30 jusqu\'à 23h) - SELECTIONNEZ POUR FAIRE AFFICHER LA REDUCTION\nContinuer la fête et dormir sur l\'île (23h - 8h)', 's.aubert@adastra-films.com', 'Acheté', '', 'Salades pâtes, thon, tomates, olives et basilic', NULL, NULL, NULL, NULL, NULL),
	(328, 'Sébastien', 'AUBERT', 'Activités + Afterwork (à partir de 9h30 jusqu\'à 23h) - SELECTIONNEZ POUR FAIRE AFFICHER LA REDUCTION\nContinuer la fête et dormir sur l\'île (23h - 8h)', 's.aubert@adastra-films.com', 'Acheté', '', 'Salades pâtes, thon, tomates, olives et basilic', NULL, NULL, NULL, NULL, NULL),
	(329, 'Sébastien', 'AUBERT', 'Activités + Afterwork (à partir de 9h30 jusqu\'à 23h) - SELECTIONNEZ POUR FAIRE AFFICHER LA REDUCTION\nContinuer la fête et dormir sur l\'île (23h - 8h)', 's.aubert@adastra-films.com', 'Acheté', '', 'Salades pâtes, thon, tomates, olives et basilic', NULL, NULL, NULL, NULL, NULL),
	(330, 'Sébastien', 'AUBERT', 'Activités + Afterwork (à partir de 9h30 jusqu\'à 23h) - SELECTIONNEZ POUR FAIRE AFFICHER LA REDUCTION\nContinuer la fête et dormir sur l\'île (23h - 8h)', 's.aubert@adastra-films.com', 'Acheté', '', 'Salades pâtes, thon, tomates, olives et basilic', NULL, NULL, NULL, NULL, NULL),
	(331, 'Sébastien', 'AUBERT', 'Activités + Afterwork (à partir de 9h30 jusqu\'à 23h) - SELECTIONNEZ POUR FAIRE AFFICHER LA REDUCTION\nContinuer la fête et dormir sur l\'île (23h - 8h)', 's.aubert@adastra-films.com', 'Acheté', '', 'Salades pâtes, thon, tomates, olives et basilic', NULL, NULL, NULL, NULL, NULL),
	(332, 'Sébastien', 'AUBERT', 'Activités + Afterwork (à partir de 9h30 jusqu\'à 23h) - SELECTIONNEZ POUR FAIRE AFFICHER LA REDUCTION\nContinuer la fête et dormir sur l\'île (23h - 8h)', 's.aubert@adastra-films.com', 'Acheté', '', 'Salades pâtes, thon, tomates, olives et basilic', NULL, NULL, NULL, NULL, NULL),
	(333, 'Sébastien', 'AUBERT', 'Activités + Afterwork (à partir de 9h30 jusqu\'à 23h) - SELECTIONNEZ POUR FAIRE AFFICHER LA REDUCTION\nContinuer la fête et dormir sur l\'île (23h - 8h)', 's.aubert@adastra-films.com', 'Acheté', '', 'Salades pâtes, thon, tomates, olives et basilic', NULL, NULL, NULL, NULL, NULL),
	(334, 'Sébastien', 'AUBERT', 'Activités + Afterwork (à partir de 9h30 jusqu\'à 23h) - SELECTIONNEZ POUR FAIRE AFFICHER LA REDUCTION\nContinuer la fête et dormir sur l\'île (23h - 8h)', 's.aubert@adastra-films.com', 'Acheté', '', 'Salades pâtes, thon, tomates, olives et basilic', NULL, NULL, NULL, NULL, NULL),
	(335, 'Sébastien', 'AUBERT', 'Activités + Afterwork (à partir de 9h30 jusqu\'à 23h) - SELECTIONNEZ POUR FAIRE AFFICHER LA REDUCTION\nContinuer la fête et dormir sur l\'île (23h - 8h)', 's.aubert@adastra-films.com', 'Acheté', '', 'Salades pâtes, thon, tomates, olives et basilic', NULL, NULL, NULL, NULL, NULL),
	(336, 'Sébastien', 'AUBERT', 'Activités + Afterwork (à partir de 9h30 jusqu\'à 23h) - SELECTIONNEZ POUR FAIRE AFFICHER LA REDUCTION\nContinuer la fête et dormir sur l\'île (23h - 8h)', 's.aubert@adastra-films.com', 'Acheté', '', 'Salades pâtes, thon, tomates, olives et basilic', NULL, NULL, NULL, NULL, NULL),
	(337, 'Sébastien', 'AUBERT', 'Activités + Afterwork (à partir de 9h30 jusqu\'à 23h) - SELECTIONNEZ POUR FAIRE AFFICHER LA REDUCTION\nContinuer la fête et dormir sur l\'île (23h - 8h)', 's.aubert@adastra-films.com', 'Acheté', '', 'Salades pâtes, thon, tomates, olives et basilic', NULL, NULL, NULL, NULL, NULL),
	(338, 'Sébastien', 'AUBERT', 'Activités + Afterwork (à partir de 9h30 jusqu\'à 23h) - SELECTIONNEZ POUR FAIRE AFFICHER LA REDUCTION\nContinuer la fête et dormir sur l\'île (23h - 8h)', 's.aubert@adastra-films.com', 'Acheté', '', 'Salades pâtes, thon, tomates, olives et basilic', NULL, NULL, NULL, NULL, NULL),
	(339, 'Sébastien', 'AUBERT', 'Activités + Afterwork (à partir de 9h30 jusqu\'à 23h) - SELECTIONNEZ POUR FAIRE AFFICHER LA REDUCTION\nContinuer la fête et dormir sur l\'île (23h - 8h)', 's.aubert@adastra-films.com', 'Acheté', '', 'Salades pâtes, thon, tomates, olives et basilic', NULL, NULL, NULL, NULL, NULL),
	(340, 'Sébastien', 'AUBERT', 'Activités + Afterwork (à partir de 9h30 jusqu\'à 23h) - SELECTIONNEZ POUR FAIRE AFFICHER LA REDUCTION\nContinuer la fête et dormir sur l\'île (23h - 8h)', 's.aubert@adastra-films.com', 'Acheté', '', 'Salades pâtes, thon, tomates, olives et basilic', NULL, NULL, NULL, NULL, NULL),
	(341, 'Sébastien', 'AUBERT', 'Activités + Afterwork (à partir de 9h30 jusqu\'à 23h) - SELECTIONNEZ POUR FAIRE AFFICHER LA REDUCTION\nContinuer la fête et dormir sur l\'île (23h - 8h)', 's.aubert@adastra-films.com', 'Acheté', '', 'Salades pâtes, thon, tomates, olives et basilic', NULL, NULL, NULL, NULL, NULL),
	(342, 'Sébastien', 'AUBERT', 'Activités + Afterwork (à partir de 9h30 jusqu\'à 23h) - SELECTIONNEZ POUR FAIRE AFFICHER LA REDUCTION\nContinuer la fête et dormir sur l\'île (23h - 8h)', 's.aubert@adastra-films.com', 'Acheté', '', 'Salades pâtes, thon, tomates, olives et basilic', NULL, NULL, NULL, NULL, NULL),
	(343, 'Sébastien', 'AUBERT', 'Activités + Afterwork (à partir de 9h30 jusqu\'à 23h) - SELECTIONNEZ POUR FAIRE AFFICHER LA REDUCTION\nContinuer la fête et dormir sur l\'île (23h - 8h)', 's.aubert@adastra-films.com', 'Acheté', '', 'Salades pâtes, thon, tomates, olives et basilic', NULL, NULL, NULL, NULL, NULL),
	(344, 'Sébastien', 'AUBERT', 'Activités + Afterwork (à partir de 9h30 jusqu\'à 23h) - SELECTIONNEZ POUR FAIRE AFFICHER LA REDUCTION\nContinuer la fête et dormir sur l\'île (23h - 8h)', 's.aubert@adastra-films.com', 'Acheté', '', 'Salades pâtes, thon, tomates, olives et basilic', NULL, NULL, NULL, NULL, NULL),
	(345, 'Sébastien', 'AUBERT', 'Activités + Afterwork (à partir de 9h30 jusqu\'à 23h) - SELECTIONNEZ POUR FAIRE AFFICHER LA REDUCTION\nContinuer la fête et dormir sur l\'île (23h - 8h)', 's.aubert@adastra-films.com', 'Acheté', '', 'Salades pâtes, thon, tomates, olives et basilic', NULL, NULL, NULL, NULL, NULL),
	(346, 'Sébastien', 'AUBERT', 'Activités + Afterwork (à partir de 9h30 jusqu\'à 23h) - SELECTIONNEZ POUR FAIRE AFFICHER LA REDUCTION\nContinuer la fête et dormir sur l\'île (23h - 8h)', 's.aubert@adastra-films.com', 'Acheté', '', 'Salades pâtes, thon, tomates, olives et basilic', NULL, NULL, NULL, NULL, NULL),
	(347, 'Sébastien', 'AUBERT', 'Activités + Afterwork (à partir de 9h30 jusqu\'à 23h) - SELECTIONNEZ POUR FAIRE AFFICHER LA REDUCTION\nContinuer la fête et dormir sur l\'île (23h - 8h)', 's.aubert@adastra-films.com', 'Acheté', '', 'Salades pâtes, thon, tomates, olives et basilic', NULL, NULL, NULL, NULL, NULL),
	(348, 'Sébastien', 'AUBERT', 'Activités + Afterwork (à partir de 9h30 jusqu\'à 23h) - SELECTIONNEZ POUR FAIRE AFFICHER LA REDUCTION\nContinuer la fête et dormir sur l\'île (23h - 8h)', 's.aubert@adastra-films.com', 'Acheté', '', 'Salades pâtes, thon, tomates, olives et basilic', NULL, NULL, NULL, NULL, NULL),
	(349, 'Sébastien', 'AUBERT', 'Activités + Afterwork (à partir de 9h30 jusqu\'à 23h) - SELECTIONNEZ POUR FAIRE AFFICHER LA REDUCTION\nContinuer la fête et dormir sur l\'île (23h - 8h)', 's.aubert@adastra-films.com', 'Acheté', '', 'Salades pâtes, thon, tomates, olives et basilic', NULL, NULL, NULL, NULL, NULL),
	(350, 'Sébastien', 'AUBERT', 'Activités + Afterwork (à partir de 9h30 jusqu\'à 23h) - SELECTIONNEZ POUR FAIRE AFFICHER LA REDUCTION\nContinuer la fête et dormir sur l\'île (23h - 8h)', 's.aubert@adastra-films.com', 'Acheté', '', 'Salades pâtes, thon, tomates, olives et basilic', NULL, NULL, NULL, NULL, NULL),
	(351, 'Maxime', 'OLLAGNIER', 'Activités + Afterwork (à partir de 9h30 jusqu\'à 23h) - SELECTIONNEZ POUR FAIRE AFFICHER LA REDUCTION\nContinuer la fête et dormir sur l\'île (23h - 8h)', 'maxime.ollagnier@gmail.com', 'Acheté', 'OLLAGNIER S.I.', 'Salades pâtes, thon, tomates, olives et basilic', 1, 15, 24, 26, 23),
	(352, 'Maxime', 'OLLAGNIER', 'Activités + Afterwork (à partir de 9h30 jusqu\'à 23h) - SELECTIONNEZ POUR FAIRE AFFICHER LA REDUCTION\nContinuer la fête et dormir sur l\'île (23h - 8h)', 'maxime.ollagnier@gmail.com', 'Acheté', 'OLLAGNIER S.I.', 'Salades pâtes, thon, tomates, olives et basilic', 1, 15, 24, 26, 23),
	(353, 'Maxime', 'OLLAGNIER', 'Activités + Afterwork (à partir de 9h30 jusqu\'à 23h) - SELECTIONNEZ POUR FAIRE AFFICHER LA REDUCTION\nContinuer la fête et dormir sur l\'île (23h - 8h)', 'maxime.ollagnier@gmail.com', 'Acheté', 'OLLAGNIER S.I.', 'Salades pâtes, thon, tomates, olives et basilic', 1, 15, 24, 26, 23),
	(354, 'Maxime', 'OLLAGNIER', 'Activités + Afterwork (à partir de 9h30 jusqu\'à 23h) - SELECTIONNEZ POUR FAIRE AFFICHER LA REDUCTION\nContinuer la fête et dormir sur l\'île (23h - 8h)', 'maxime.ollagnier@gmail.com', 'Acheté', 'OLLAGNIER S.I.', 'Salades pâtes, thon, tomates, olives et basilic', 1, 15, 24, 26, 23),
	(355, 'Maxime', 'OLLAGNIER', 'Activités + Afterwork (à partir de 9h30 jusqu\'à 23h) - SELECTIONNEZ POUR FAIRE AFFICHER LA REDUCTION\nContinuer la fête et dormir sur l\'île (23h - 8h)', 'maxime.ollagnier@gmail.com', 'Acheté', 'OLLAGNIER S.I.', 'Salades pâtes, thon, tomates, olives et basilic', 1, 15, 24, 26, 23),
	(356, 'Maxime', 'OLLAGNIER', 'Activités + Afterwork (à partir de 9h30 jusqu\'à 23h) - SELECTIONNEZ POUR FAIRE AFFICHER LA REDUCTION\nContinuer la fête et dormir sur l\'île (23h - 8h)', 'maxime.ollagnier@gmail.com', 'Acheté', 'OLLAGNIER S.I.', 'Salades pâtes, thon, tomates, olives et basilic', 1, 15, 24, 26, 23),
	(357, 'Maxime', 'OLLAGNIER', 'Activités + Afterwork (à partir de 9h30 jusqu\'à 23h) - SELECTIONNEZ POUR FAIRE AFFICHER LA REDUCTION\nContinuer la fête et dormir sur l\'île (23h - 8h)', 'maxime.ollagnier@gmail.com', 'Acheté', 'OLLAGNIER S.I.', 'Salades pâtes, thon, tomates, olives et basilic', 1, 15, 24, 26, 23),
	(358, 'Maxime', 'OLLAGNIER', 'Activités + Afterwork (à partir de 9h30 jusqu\'à 23h) - SELECTIONNEZ POUR FAIRE AFFICHER LA REDUCTION\nContinuer la fête et dormir sur l\'île (23h - 8h)', 'maxime.ollagnier@gmail.com', 'Acheté', 'OLLAGNIER S.I.', 'Salades pâtes, thon, tomates, olives et basilic', 1, 15, 24, 26, 23),
	(359, 'Maxime', 'OLLAGNIER', 'Activités + Afterwork (à partir de 9h30 jusqu\'à 23h) - SELECTIONNEZ POUR FAIRE AFFICHER LA REDUCTION\nContinuer la fête et dormir sur l\'île (23h - 8h)', 'maxime.ollagnier@gmail.com', 'Acheté', 'OLLAGNIER S.I.', 'Salades pâtes, thon, tomates, olives et basilic', 1, 15, 24, 26, 23),
	(360, 'Maxime', 'OLLAGNIER', 'Activités + Afterwork (à partir de 9h30 jusqu\'à 23h) - SELECTIONNEZ POUR FAIRE AFFICHER LA REDUCTION\nContinuer la fête et dormir sur l\'île (23h - 8h)', 'maxime.ollagnier@gmail.com', 'Acheté', 'OLLAGNIER S.I.', 'Salades pâtes, thon, tomates, olives et basilic', 1, 15, 24, 26, 23),
	(361, 'Maxime', 'OLLAGNIER', 'Activités + Afterwork (à partir de 9h30 jusqu\'à 23h) - SELECTIONNEZ POUR FAIRE AFFICHER LA REDUCTION\nContinuer la fête et dormir sur l\'île (23h - 8h)', 'maxime.ollagnier@gmail.com', 'Acheté', 'OLLAGNIER S.I.', 'Salades pâtes, thon, tomates, olives et basilic', 1, 15, 24, 26, 23),
	(362, 'Maxime', 'OLLAGNIER', 'Activités + Afterwork (à partir de 9h30 jusqu\'à 23h) - SELECTIONNEZ POUR FAIRE AFFICHER LA REDUCTION\nContinuer la fête et dormir sur l\'île (23h - 8h)', 'maxime.ollagnier@gmail.com', 'Acheté', 'OLLAGNIER S.I.', 'Salades pâtes, thon, tomates, olives et basilic', 1, 15, 24, 26, 23),
	(363, 'Maxime', 'OLLAGNIER', 'Activités + Afterwork (à partir de 9h30 jusqu\'à 23h) - SELECTIONNEZ POUR FAIRE AFFICHER LA REDUCTION\nContinuer la fête et dormir sur l\'île (23h - 8h)', 'maxime.ollagnier@gmail.com', 'Acheté', 'OLLAGNIER S.I.', 'Salades pâtes, thon, tomates, olives et basilic', 1, 15, 24, 26, 23),
	(364, 'Maxime', 'OLLAGNIER', 'Activités + Afterwork (à partir de 9h30 jusqu\'à 23h) - SELECTIONNEZ POUR FAIRE AFFICHER LA REDUCTION\nContinuer la fête et dormir sur l\'île (23h - 8h)', 'maxime.ollagnier@gmail.com', 'Acheté', 'OLLAGNIER S.I.', 'Salades pâtes, thon, tomates, olives et basilic', 1, 15, 24, 26, 23),
	(365, 'Maxime', 'OLLAGNIER', 'Activités + Afterwork (à partir de 9h30 jusqu\'à 23h) - SELECTIONNEZ POUR FAIRE AFFICHER LA REDUCTION\nContinuer la fête et dormir sur l\'île (23h - 8h)', 'maxime.ollagnier@gmail.com', 'Acheté', 'OLLAGNIER S.I.', 'Salades pâtes, thon, tomates, olives et basilic', 1, 15, 24, 26, 23),
	(366, 'Laurent', 'Chanzy', 'Activités + Afterwork (à partir de 9h30 jusqu\'à 23h) - SELECTIONNEZ POUR FAIRE AFFICHER LA REDUCTION', 'lchanzy@gmail.com', 'Acheté', 'Scoro developpement', 'Sandwich tomates/mozza/salade', 27, 2, 3, 18, 11),
	(367, 'Laurent', 'Chanzy', 'Activités + Afterwork (à partir de 9h30 jusqu\'à 23h) - SELECTIONNEZ POUR FAIRE AFFICHER LA REDUCTION', 'lchanzy@gmail.com', 'Acheté', 'Scoro developpement', 'Sandwich tomates/mozza/salade', 27, 2, 3, 18, 11),
	(368, 'Laurent', 'Chanzy', 'Activités + Afterwork (à partir de 9h30 jusqu\'à 23h) - SELECTIONNEZ POUR FAIRE AFFICHER LA REDUCTION', 'lchanzy@gmail.com', 'Acheté', 'Scoro developpement', 'Sandwich tomates/mozza/salade', 27, 2, 3, 18, 11),
	(369, 'Laurent', 'Chanzy', 'Activités + Afterwork (à partir de 9h30 jusqu\'à 23h) - SELECTIONNEZ POUR FAIRE AFFICHER LA REDUCTION', 'lchanzy@gmail.com', 'Acheté', 'Scoro developpement', 'Sandwich tomates/mozza/salade', 27, 2, 3, 18, 11),
	(370, 'Laurent', 'Chanzy', 'Activités + Afterwork (à partir de 9h30 jusqu\'à 23h) - SELECTIONNEZ POUR FAIRE AFFICHER LA REDUCTION', 'lchanzy@gmail.com', 'Acheté', 'Scoro developpement', 'Sandwich tomates/mozza/salade', 27, 2, 3, 18, 11),
	(371, 'Laurent', 'Chanzy', 'Activités + Afterwork (à partir de 9h30 jusqu\'à 23h) - SELECTIONNEZ POUR FAIRE AFFICHER LA REDUCTION', 'lchanzy@gmail.com', 'Acheté', 'Scoro developpement', 'Sandwich tomates/mozza/salade', 27, 2, 3, 18, 11),
	(372, 'Laurent', 'Chanzy', 'Activités + Afterwork (à partir de 9h30 jusqu\'à 23h) - SELECTIONNEZ POUR FAIRE AFFICHER LA REDUCTION', 'lchanzy@gmail.com', 'Acheté', 'Scoro developpement', 'Sandwich tomates/mozza/salade', 27, 2, 3, 18, 11),
	(373, 'Laurent', 'Chanzy', 'Activités + Afterwork (à partir de 9h30 jusqu\'à 23h) - SELECTIONNEZ POUR FAIRE AFFICHER LA REDUCTION', 'lchanzy@gmail.com', 'Acheté', 'Scoro developpement', 'Sandwich tomates/mozza/salade', 27, 2, 3, 18, 11),
	(374, 'Laurent', 'Chanzy', 'Activités + Afterwork (à partir de 9h30 jusqu\'à 23h) - SELECTIONNEZ POUR FAIRE AFFICHER LA REDUCTION', 'lchanzy@gmail.com', 'Acheté', 'Scoro developpement', 'Sandwich tomates/mozza/salade', 27, 2, 3, 18, 11),
	(375, 'Laurent', 'Chanzy', 'Activités + Afterwork (à partir de 9h30 jusqu\'à 23h) - SELECTIONNEZ POUR FAIRE AFFICHER LA REDUCTION', 'lchanzy@gmail.com', 'Acheté', 'Scoro developpement', 'Sandwich tomates/mozza/salade', 27, 2, 3, 18, 11),
	(376, 'Laurent', 'Chanzy', 'Activités + Afterwork (à partir de 9h30 jusqu\'à 23h) - SELECTIONNEZ POUR FAIRE AFFICHER LA REDUCTION', 'lchanzy@gmail.com', 'Acheté', 'Scoro developpement', 'Sandwich tomates/mozza/salade', 27, 2, 3, 18, 11),
	(377, 'Laurent', 'Chanzy', 'Activités + Afterwork (à partir de 9h30 jusqu\'à 23h) - SELECTIONNEZ POUR FAIRE AFFICHER LA REDUCTION', 'lchanzy@gmail.com', 'Acheté', 'Scoro developpement', 'Sandwich tomates/mozza/salade', 27, 2, 3, 18, 11),
	(378, 'Laurent', 'Chanzy', 'Activités + Afterwork (à partir de 9h30 jusqu\'à 23h) - SELECTIONNEZ POUR FAIRE AFFICHER LA REDUCTION', 'lchanzy@gmail.com', 'Acheté', 'Scoro developpement', 'Sandwich tomates/mozza/salade', 27, 2, 3, 18, 11),
	(379, 'Laurent', 'Chanzy', 'Activités + Afterwork (à partir de 9h30 jusqu\'à 23h) - SELECTIONNEZ POUR FAIRE AFFICHER LA REDUCTION', 'lchanzy@gmail.com', 'Acheté', 'Scoro developpement', 'Sandwich tomates/mozza/salade', 27, 2, 3, 18, 11),
	(380, 'Laurent', 'Chanzy', 'Activités + Afterwork (à partir de 9h30 jusqu\'à 23h) - SELECTIONNEZ POUR FAIRE AFFICHER LA REDUCTION', 'lchanzy@gmail.com', 'Acheté', 'Scoro developpement', 'Sandwich tomates/mozza/salade', 27, 2, 3, 18, 11),
	(381, 'Laurent', 'Chanzy', 'Activités + Afterwork (à partir de 9h30 jusqu\'à 23h) - SELECTIONNEZ POUR FAIRE AFFICHER LA REDUCTION', 'lchanzy@gmail.com', 'Acheté', 'Scoro developpement', 'Sandwich tomates/mozza/salade', 27, 2, 3, 18, 11),
	(382, 'Laurent', 'Chanzy', 'Activités + Afterwork (à partir de 9h30 jusqu\'à 23h) - SELECTIONNEZ POUR FAIRE AFFICHER LA REDUCTION', 'lchanzy@gmail.com', 'Acheté', 'Scoro developpement', 'Sandwich tomates/mozza/salade', 27, 2, 3, 18, 11),
	(383, 'Laurent', 'Chanzy', 'Activités + Afterwork (à partir de 9h30 jusqu\'à 23h) - SELECTIONNEZ POUR FAIRE AFFICHER LA REDUCTION', 'lchanzy@gmail.com', 'Acheté', 'Scoro developpement', 'Sandwich tomates/mozza/salade', 27, 2, 3, 18, 11),
	(384, 'Laurent', 'Chanzy', 'Activités + Afterwork (à partir de 9h30 jusqu\'à 23h) - SELECTIONNEZ POUR FAIRE AFFICHER LA REDUCTION', 'lchanzy@gmail.com', 'Acheté', 'Scoro developpement', 'Sandwich tomates/mozza/salade', 27, 2, 3, 18, 11),
	(385, 'Laurent', 'Chanzy', 'Activités + Afterwork (à partir de 9h30 jusqu\'à 23h) - SELECTIONNEZ POUR FAIRE AFFICHER LA REDUCTION', 'lchanzy@gmail.com', 'Acheté', 'Scoro developpement', 'Sandwich tomates/mozza/salade', 27, 2, 3, 18, 11),
	(386, 'Laurent', 'Chanzy', 'Activités + Afterwork (à partir de 9h30 jusqu\'à 23h) - SELECTIONNEZ POUR FAIRE AFFICHER LA REDUCTION', 'lchanzy@gmail.com', 'Acheté', 'Scoro developpement', 'Sandwich tomates/mozza/salade', 27, 2, 3, 18, 11),
	(387, 'Laurent', 'Chanzy', 'Activités + Afterwork (à partir de 9h30 jusqu\'à 23h) - SELECTIONNEZ POUR FAIRE AFFICHER LA REDUCTION', 'lchanzy@gmail.com', 'Acheté', 'Scoro developpement', 'Sandwich tomates/mozza/salade', 27, 2, 3, 18, 11),
	(388, 'Jean-michel', 'DECROUY', 'Activités + Afterwork (à partir de 9h30 jusqu\'à 23h) - SELECTIONNEZ POUR FAIRE AFFICHER LA REDUCTION', 'jmd@creactive06.org', 'Acheté', 'Créactive 06', 'Sandwich jambon beurre gruyère', 2, 18, 7, 22, 27),
	(389, 'Jean-michel', 'DECROUY', 'Activités + Afterwork (à partir de 9h30 jusqu\'à 23h) - SELECTIONNEZ POUR FAIRE AFFICHER LA REDUCTION', 'jmd@creactive06.org', 'Acheté', 'Créactive 06', 'Sandwich jambon beurre gruyère', 2, 18, 7, 22, 27),
	(390, 'Jean-michel', 'DECROUY', 'Activités + Afterwork (à partir de 9h30 jusqu\'à 23h) - SELECTIONNEZ POUR FAIRE AFFICHER LA REDUCTION', 'jmd@creactive06.org', 'Acheté', 'Créactive 06', 'Sandwich jambon beurre gruyère', 2, 18, 7, 22, 27),
	(391, 'Jean-michel', 'DECROUY', 'Activités + Afterwork (à partir de 9h30 jusqu\'à 23h) - SELECTIONNEZ POUR FAIRE AFFICHER LA REDUCTION', 'jmd@creactive06.org', 'Acheté', 'Créactive 06', 'Sandwich jambon beurre gruyère', 2, 18, 7, 22, 27),
	(392, 'Jean-michel', 'DECROUY', 'Activités + Afterwork (à partir de 9h30 jusqu\'à 23h) - SELECTIONNEZ POUR FAIRE AFFICHER LA REDUCTION', 'jmd@creactive06.org', 'Acheté', 'Créactive 06', 'Sandwich jambon beurre gruyère', 2, 18, 7, 22, 27),
	(393, 'Jean-michel', 'DECROUY', 'Activités + Afterwork (à partir de 9h30 jusqu\'à 23h) - SELECTIONNEZ POUR FAIRE AFFICHER LA REDUCTION', 'jmd@creactive06.org', 'Acheté', 'Créactive 06', 'Sandwich jambon beurre gruyère', 2, 18, 7, 22, 27),
	(394, 'Jean-michel', 'DECROUY', 'Activités + Afterwork (à partir de 9h30 jusqu\'à 23h) - SELECTIONNEZ POUR FAIRE AFFICHER LA REDUCTION', 'jmd@creactive06.org', 'Acheté', 'Créactive 06', 'Sandwich jambon beurre gruyère', 2, 18, 7, 22, 27),
	(395, 'Jean-michel', 'DECROUY', 'Activités + Afterwork (à partir de 9h30 jusqu\'à 23h) - SELECTIONNEZ POUR FAIRE AFFICHER LA REDUCTION', 'jmd@creactive06.org', 'Acheté', 'Créactive 06', 'Sandwich jambon beurre gruyère', 2, 18, 7, 22, 27),
	(396, 'Jean-michel', 'DECROUY', 'Activités + Afterwork (à partir de 9h30 jusqu\'à 23h) - SELECTIONNEZ POUR FAIRE AFFICHER LA REDUCTION', 'jmd@creactive06.org', 'Acheté', 'Créactive 06', 'Sandwich jambon beurre gruyère', 2, 18, 7, 22, 27),
	(397, 'Jean-michel', 'DECROUY', 'Activités + Afterwork (à partir de 9h30 jusqu\'à 23h) - SELECTIONNEZ POUR FAIRE AFFICHER LA REDUCTION', 'jmd@creactive06.org', 'Acheté', 'Créactive 06', 'Sandwich jambon beurre gruyère', 2, 18, 7, 22, 27),
	(398, 'Jean-michel', 'DECROUY', 'Activités + Afterwork (à partir de 9h30 jusqu\'à 23h) - SELECTIONNEZ POUR FAIRE AFFICHER LA REDUCTION', 'jmd@creactive06.org', 'Acheté', 'Créactive 06', 'Sandwich jambon beurre gruyère', 2, 18, 7, 22, 27),
	(399, 'Jean-michel', 'DECROUY', 'Activités + Afterwork (à partir de 9h30 jusqu\'à 23h) - SELECTIONNEZ POUR FAIRE AFFICHER LA REDUCTION', 'jmd@creactive06.org', 'Acheté', 'Créactive 06', 'Sandwich jambon beurre gruyère', 2, 18, 7, 22, 27),
	(400, 'Jean-michel', 'DECROUY', 'Activités + Afterwork (à partir de 9h30 jusqu\'à 23h) - SELECTIONNEZ POUR FAIRE AFFICHER LA REDUCTION', 'jmd@creactive06.org', 'Acheté', 'Créactive 06', 'Sandwich jambon beurre gruyère', 2, 18, 7, 22, 27),
	(401, 'Jean-michel', 'DECROUY', 'Activités + Afterwork (à partir de 9h30 jusqu\'à 23h) - SELECTIONNEZ POUR FAIRE AFFICHER LA REDUCTION', 'jmd@creactive06.org', 'Acheté', 'Créactive 06', 'Sandwich jambon beurre gruyère', 2, 18, 7, 22, 27),
	(402, 'Jean-michel', 'DECROUY', 'Activités + Afterwork (à partir de 9h30 jusqu\'à 23h) - SELECTIONNEZ POUR FAIRE AFFICHER LA REDUCTION', 'jmd@creactive06.org', 'Acheté', 'Créactive 06', 'Sandwich jambon beurre gruyère', 2, 18, 7, 22, 27),
	(403, 'Jeremie', 'COLLIN DE L HORTET', 'Activités + Afterwork (à partir de 9h30 jusqu\'à 23h) - SELECTIONNEZ POUR FAIRE AFFICHER LA REDUCTION\nContinuer la fête et dormir sur l\'île (23h - 8h)', 'jeremie.collindelhortet@gmail.com', 'Acheté', 'CopWork', 'Salades pâtes, thon, tomates, olives et basilic', 7, 17, 15, 4, 13),
	(404, 'Jeremie', 'COLLIN DE L HORTET', 'Activités + Afterwork (à partir de 9h30 jusqu\'à 23h) - SELECTIONNEZ POUR FAIRE AFFICHER LA REDUCTION\nContinuer la fête et dormir sur l\'île (23h - 8h)', 'jeremie.collindelhortet@gmail.com', 'Acheté', 'CopWork', 'Salades pâtes, thon, tomates, olives et basilic', 7, 17, 15, 4, 13),
	(405, 'Jeremie', 'COLLIN DE L HORTET', 'Activités + Afterwork (à partir de 9h30 jusqu\'à 23h) - SELECTIONNEZ POUR FAIRE AFFICHER LA REDUCTION\nContinuer la fête et dormir sur l\'île (23h - 8h)', 'jeremie.collindelhortet@gmail.com', 'Acheté', 'CopWork', 'Salades pâtes, thon, tomates, olives et basilic', 7, 17, 15, 4, 13),
	(406, 'Jeremie', 'COLLIN DE L HORTET', 'Activités + Afterwork (à partir de 9h30 jusqu\'à 23h) - SELECTIONNEZ POUR FAIRE AFFICHER LA REDUCTION\nContinuer la fête et dormir sur l\'île (23h - 8h)', 'jeremie.collindelhortet@gmail.com', 'Acheté', 'CopWork', 'Salades pâtes, thon, tomates, olives et basilic', 7, 17, 15, 4, 13),
	(407, 'Jeremie', 'COLLIN DE L HORTET', 'Activités + Afterwork (à partir de 9h30 jusqu\'à 23h) - SELECTIONNEZ POUR FAIRE AFFICHER LA REDUCTION\nContinuer la fête et dormir sur l\'île (23h - 8h)', 'jeremie.collindelhortet@gmail.com', 'Acheté', 'CopWork', 'Salades pâtes, thon, tomates, olives et basilic', 7, 17, 15, 4, 13),
	(408, 'Jeremie', 'COLLIN DE L HORTET', 'Activités + Afterwork (à partir de 9h30 jusqu\'à 23h) - SELECTIONNEZ POUR FAIRE AFFICHER LA REDUCTION\nContinuer la fête et dormir sur l\'île (23h - 8h)', 'jeremie.collindelhortet@gmail.com', 'Acheté', 'CopWork', 'Salades pâtes, thon, tomates, olives et basilic', 7, 17, 15, 4, 13),
	(409, 'Jeremie', 'COLLIN DE L HORTET', 'Activités + Afterwork (à partir de 9h30 jusqu\'à 23h) - SELECTIONNEZ POUR FAIRE AFFICHER LA REDUCTION\nContinuer la fête et dormir sur l\'île (23h - 8h)', 'jeremie.collindelhortet@gmail.com', 'Acheté', 'CopWork', 'Salades pâtes, thon, tomates, olives et basilic', 7, 17, 15, 4, 13),
	(410, 'Jeremie', 'COLLIN DE L HORTET', 'Activités + Afterwork (à partir de 9h30 jusqu\'à 23h) - SELECTIONNEZ POUR FAIRE AFFICHER LA REDUCTION\nContinuer la fête et dormir sur l\'île (23h - 8h)', 'jeremie.collindelhortet@gmail.com', 'Acheté', 'CopWork', 'Salades pâtes, thon, tomates, olives et basilic', 7, 17, 15, 4, 13),
	(411, 'Jeremie', 'COLLIN DE L HORTET', 'Activités + Afterwork (à partir de 9h30 jusqu\'à 23h) - SELECTIONNEZ POUR FAIRE AFFICHER LA REDUCTION\nContinuer la fête et dormir sur l\'île (23h - 8h)', 'jeremie.collindelhortet@gmail.com', 'Acheté', 'CopWork', 'Salades pâtes, thon, tomates, olives et basilic', 7, 17, 15, 4, 13),
	(412, 'Jeremie', 'COLLIN DE L HORTET', 'Activités + Afterwork (à partir de 9h30 jusqu\'à 23h) - SELECTIONNEZ POUR FAIRE AFFICHER LA REDUCTION\nContinuer la fête et dormir sur l\'île (23h - 8h)', 'jeremie.collindelhortet@gmail.com', 'Acheté', 'CopWork', 'Salades pâtes, thon, tomates, olives et basilic', 7, 17, 15, 4, 13),
	(413, 'Jeremie', 'COLLIN DE L HORTET', 'Activités + Afterwork (à partir de 9h30 jusqu\'à 23h) - SELECTIONNEZ POUR FAIRE AFFICHER LA REDUCTION\nContinuer la fête et dormir sur l\'île (23h - 8h)', 'jeremie.collindelhortet@gmail.com', 'Acheté', 'CopWork', 'Salades pâtes, thon, tomates, olives et basilic', 7, 17, 15, 4, 13),
	(414, 'Jeremie', 'COLLIN DE L HORTET', 'Activités + Afterwork (à partir de 9h30 jusqu\'à 23h) - SELECTIONNEZ POUR FAIRE AFFICHER LA REDUCTION\nContinuer la fête et dormir sur l\'île (23h - 8h)', 'jeremie.collindelhortet@gmail.com', 'Acheté', 'CopWork', 'Salades pâtes, thon, tomates, olives et basilic', 7, 17, 15, 4, 13),
	(415, 'Jeremie', 'COLLIN DE L HORTET', 'Activités + Afterwork (à partir de 9h30 jusqu\'à 23h) - SELECTIONNEZ POUR FAIRE AFFICHER LA REDUCTION\nContinuer la fête et dormir sur l\'île (23h - 8h)', 'jeremie.collindelhortet@gmail.com', 'Acheté', 'CopWork', 'Salades pâtes, thon, tomates, olives et basilic', 7, 17, 15, 4, 13),
	(416, 'Jeremie', 'COLLIN DE L HORTET', 'Activités + Afterwork (à partir de 9h30 jusqu\'à 23h) - SELECTIONNEZ POUR FAIRE AFFICHER LA REDUCTION\nContinuer la fête et dormir sur l\'île (23h - 8h)', 'jeremie.collindelhortet@gmail.com', 'Acheté', 'CopWork', 'Salades pâtes, thon, tomates, olives et basilic', 7, 17, 15, 4, 13),
	(417, 'Jeremie', 'COLLIN DE L HORTET', 'Activités + Afterwork (à partir de 9h30 jusqu\'à 23h) - SELECTIONNEZ POUR FAIRE AFFICHER LA REDUCTION\nContinuer la fête et dormir sur l\'île (23h - 8h)', 'jeremie.collindelhortet@gmail.com', 'Acheté', 'CopWork', 'Salades pâtes, thon, tomates, olives et basilic', 7, 17, 15, 4, 13),
	(418, 'Jeremie', 'COLLIN DE L HORTET', 'Activités + Afterwork (à partir de 9h30 jusqu\'à 23h) - SELECTIONNEZ POUR FAIRE AFFICHER LA REDUCTION\nContinuer la fête et dormir sur l\'île (23h - 8h)', 'jeremie.collindelhortet@gmail.com', 'Acheté', 'CopWork', 'Salades pâtes, thon, tomates, olives et basilic', 7, 17, 15, 4, 13),
	(419, 'Jeremie', 'COLLIN DE L HORTET', 'Activités + Afterwork (à partir de 9h30 jusqu\'à 23h) - SELECTIONNEZ POUR FAIRE AFFICHER LA REDUCTION\nContinuer la fête et dormir sur l\'île (23h - 8h)', 'jeremie.collindelhortet@gmail.com', 'Acheté', 'CopWork', 'Salades pâtes, thon, tomates, olives et basilic', 7, 17, 15, 4, 13),
	(420, 'Jeremie', 'COLLIN DE L HORTET', 'Activités + Afterwork (à partir de 9h30 jusqu\'à 23h) - SELECTIONNEZ POUR FAIRE AFFICHER LA REDUCTION\nContinuer la fête et dormir sur l\'île (23h - 8h)', 'jeremie.collindelhortet@gmail.com', 'Acheté', 'CopWork', 'Salades pâtes, thon, tomates, olives et basilic', 7, 17, 15, 4, 13),
	(421, 'Jeremie', 'COLLIN DE L HORTET', 'Activités + Afterwork (à partir de 9h30 jusqu\'à 23h) - SELECTIONNEZ POUR FAIRE AFFICHER LA REDUCTION\nContinuer la fête et dormir sur l\'île (23h - 8h)', 'jeremie.collindelhortet@gmail.com', 'Acheté', 'CopWork', 'Salades pâtes, thon, tomates, olives et basilic', 7, 17, 15, 4, 13),
	(422, 'Jeremie', 'COLLIN DE L HORTET', 'Activités + Afterwork (à partir de 9h30 jusqu\'à 23h) - SELECTIONNEZ POUR FAIRE AFFICHER LA REDUCTION\nContinuer la fête et dormir sur l\'île (23h - 8h)', 'jeremie.collindelhortet@gmail.com', 'Acheté', 'CopWork', 'Salades pâtes, thon, tomates, olives et basilic', 7, 17, 15, 4, 13),
	(423, 'Jeremie', 'COLLIN DE L HORTET', 'Activités + Afterwork (à partir de 9h30 jusqu\'à 23h) - SELECTIONNEZ POUR FAIRE AFFICHER LA REDUCTION\nContinuer la fête et dormir sur l\'île (23h - 8h)', 'jeremie.collindelhortet@gmail.com', 'Acheté', 'CopWork', 'Salades pâtes, thon, tomates, olives et basilic', 7, 17, 15, 4, 13),
	(424, 'Jeremie', 'COLLIN DE L HORTET', 'Activités + Afterwork (à partir de 9h30 jusqu\'à 23h) - SELECTIONNEZ POUR FAIRE AFFICHER LA REDUCTION\nContinuer la fête et dormir sur l\'île (23h - 8h)', 'jeremie.collindelhortet@gmail.com', 'Acheté', 'CopWork', 'Salades pâtes, thon, tomates, olives et basilic', 7, 17, 15, 4, 13),
	(425, 'Jeremie', 'COLLIN DE L HORTET', 'Activités + Afterwork (à partir de 9h30 jusqu\'à 23h) - SELECTIONNEZ POUR FAIRE AFFICHER LA REDUCTION\nContinuer la fête et dormir sur l\'île (23h - 8h)', 'jeremie.collindelhortet@gmail.com', 'Acheté', 'CopWork', 'Salades pâtes, thon, tomates, olives et basilic', 7, 17, 15, 4, 13),
	(426, 'Jeremie', 'COLLIN DE L HORTET', 'Activités + Afterwork (à partir de 9h30 jusqu\'à 23h) - SELECTIONNEZ POUR FAIRE AFFICHER LA REDUCTION\nContinuer la fête et dormir sur l\'île (23h - 8h)', 'jeremie.collindelhortet@gmail.com', 'Acheté', 'CopWork', 'Salades pâtes, thon, tomates, olives et basilic', 7, 17, 15, 4, 13),
	(427, 'Jeremie', 'COLLIN DE L HORTET', 'Activités + Afterwork (à partir de 9h30 jusqu\'à 23h) - SELECTIONNEZ POUR FAIRE AFFICHER LA REDUCTION\nContinuer la fête et dormir sur l\'île (23h - 8h)', 'jeremie.collindelhortet@gmail.com', 'Acheté', 'CopWork', 'Salades pâtes, thon, tomates, olives et basilic', 7, 17, 15, 4, 13),
	(428, 'Jeremie', 'COLLIN DE L HORTET', 'Activités + Afterwork (à partir de 9h30 jusqu\'à 23h) - SELECTIONNEZ POUR FAIRE AFFICHER LA REDUCTION\nContinuer la fête et dormir sur l\'île (23h - 8h)', 'jeremie.collindelhortet@gmail.com', 'Acheté', 'CopWork', 'Salades pâtes, thon, tomates, olives et basilic', 7, 17, 15, 4, 13),
	(429, 'Jeremie', 'COLLIN DE L HORTET', 'Activités + Afterwork (à partir de 9h30 jusqu\'à 23h) - SELECTIONNEZ POUR FAIRE AFFICHER LA REDUCTION\nContinuer la fête et dormir sur l\'île (23h - 8h)', 'jeremie.collindelhortet@gmail.com', 'Acheté', 'CopWork', 'Salades pâtes, thon, tomates, olives et basilic', 7, 17, 15, 4, 13),
	(430, 'Jeremie', 'COLLIN DE L HORTET', 'Activités + Afterwork (à partir de 9h30 jusqu\'à 23h) - SELECTIONNEZ POUR FAIRE AFFICHER LA REDUCTION\nContinuer la fête et dormir sur l\'île (23h - 8h)', 'jeremie.collindelhortet@gmail.com', 'Acheté', 'CopWork', 'Salades pâtes, thon, tomates, olives et basilic', 7, 17, 15, 4, 13),
	(431, 'Jeremie', 'COLLIN DE L HORTET', 'Activités + Afterwork (à partir de 9h30 jusqu\'à 23h) - SELECTIONNEZ POUR FAIRE AFFICHER LA REDUCTION\nContinuer la fête et dormir sur l\'île (23h - 8h)', 'jeremie.collindelhortet@gmail.com', 'Acheté', 'CopWork', 'Salades pâtes, thon, tomates, olives et basilic', 7, 17, 15, 4, 13),
	(432, 'Jeremie', 'COLLIN DE L HORTET', 'Activités + Afterwork (à partir de 9h30 jusqu\'à 23h) - SELECTIONNEZ POUR FAIRE AFFICHER LA REDUCTION\nContinuer la fête et dormir sur l\'île (23h - 8h)', 'jeremie.collindelhortet@gmail.com', 'Acheté', 'CopWork', 'Salades pâtes, thon, tomates, olives et basilic', 7, 17, 15, 4, 13),
	(433, 'Jeremie', 'COLLIN DE L HORTET', 'Activités + Afterwork (à partir de 9h30 jusqu\'à 23h) - SELECTIONNEZ POUR FAIRE AFFICHER LA REDUCTION\nContinuer la fête et dormir sur l\'île (23h - 8h)', 'jeremie.collindelhortet@gmail.com', 'Acheté', 'CopWork', 'Salades pâtes, thon, tomates, olives et basilic', 7, 17, 15, 4, 13),
	(434, 'Jeremie', 'COLLIN DE L HORTET', 'Activités + Afterwork (à partir de 9h30 jusqu\'à 23h) - SELECTIONNEZ POUR FAIRE AFFICHER LA REDUCTION\nContinuer la fête et dormir sur l\'île (23h - 8h)', 'jeremie.collindelhortet@gmail.com', 'Acheté', 'CopWork', 'Salades pâtes, thon, tomates, olives et basilic', 7, 17, 15, 4, 13),
	(435, 'Jeremie', 'COLLIN DE L HORTET', 'Activités + Afterwork (à partir de 9h30 jusqu\'à 23h) - SELECTIONNEZ POUR FAIRE AFFICHER LA REDUCTION\nContinuer la fête et dormir sur l\'île (23h - 8h)', 'jeremie.collindelhortet@gmail.com', 'Acheté', 'CopWork', 'Salades pâtes, thon, tomates, olives et basilic', 7, 17, 15, 4, 13),
	(436, 'Jeremie', 'COLLIN DE L HORTET', 'Activités + Afterwork (à partir de 9h30 jusqu\'à 23h) - SELECTIONNEZ POUR FAIRE AFFICHER LA REDUCTION\nContinuer la fête et dormir sur l\'île (23h - 8h)', 'jeremie.collindelhortet@gmail.com', 'Acheté', 'CopWork', 'Salades pâtes, thon, tomates, olives et basilic', 7, 17, 15, 4, 13),
	(437, 'Leslie', 'Jacob', 'Afterwork uniquement (18h - 23h) - SELECTIONNEZ POUR FAIRE AFFICHER LA REDUCTION', 's.aubert@adastra-films.com', '', '', 'Sandwich jambon beurre gruyère', NULL, NULL, NULL, NULL, NULL),
	(438, 'Leslie', 'Jacob', 'Afterwork uniquement (18h - 23h) - SELECTIONNEZ POUR FAIRE AFFICHER LA REDUCTION', 's.aubert@adastra-films.com', '', '', 'Sandwich jambon beurre gruyère', NULL, NULL, NULL, NULL, NULL),
	(439, 'Leslie', 'Jacob', 'Afterwork uniquement (18h - 23h) - SELECTIONNEZ POUR FAIRE AFFICHER LA REDUCTION', 's.aubert@adastra-films.com', '', '', 'Sandwich jambon beurre gruyère', NULL, NULL, NULL, NULL, NULL),
	(440, 'Leslie', 'Jacob', 'Afterwork uniquement (18h - 23h) - SELECTIONNEZ POUR FAIRE AFFICHER LA REDUCTION', 's.aubert@adastra-films.com', '', '', 'Sandwich jambon beurre gruyère', NULL, NULL, NULL, NULL, NULL),
	(441, 'Leslie', 'Jacob', 'Afterwork uniquement (18h - 23h) - SELECTIONNEZ POUR FAIRE AFFICHER LA REDUCTION', 's.aubert@adastra-films.com', '', '', 'Sandwich jambon beurre gruyère', NULL, NULL, NULL, NULL, NULL),
	(442, 'Leslie', 'Jacob', 'Afterwork uniquement (18h - 23h) - SELECTIONNEZ POUR FAIRE AFFICHER LA REDUCTION', 's.aubert@adastra-films.com', '', '', 'Sandwich jambon beurre gruyère', NULL, NULL, NULL, NULL, NULL),
	(443, 'Leslie', 'Jacob', 'Afterwork uniquement (18h - 23h) - SELECTIONNEZ POUR FAIRE AFFICHER LA REDUCTION', 's.aubert@adastra-films.com', '', '', 'Sandwich jambon beurre gruyère', NULL, NULL, NULL, NULL, NULL),
	(444, 'Leslie', 'Jacob', 'Afterwork uniquement (18h - 23h) - SELECTIONNEZ POUR FAIRE AFFICHER LA REDUCTION', 's.aubert@adastra-films.com', '', '', 'Sandwich jambon beurre gruyère', NULL, NULL, NULL, NULL, NULL),
	(445, 'Leslie', 'Jacob', 'Afterwork uniquement (18h - 23h) - SELECTIONNEZ POUR FAIRE AFFICHER LA REDUCTION', 's.aubert@adastra-films.com', '', '', 'Sandwich jambon beurre gruyère', NULL, NULL, NULL, NULL, NULL),
	(446, 'Leslie', 'Jacob', 'Afterwork uniquement (18h - 23h) - SELECTIONNEZ POUR FAIRE AFFICHER LA REDUCTION', 's.aubert@adastra-films.com', '', '', 'Sandwich jambon beurre gruyère', NULL, NULL, NULL, NULL, NULL),
	(447, 'Leslie', 'Jacob', 'Afterwork uniquement (18h - 23h) - SELECTIONNEZ POUR FAIRE AFFICHER LA REDUCTION', 's.aubert@adastra-films.com', '', '', 'Sandwich jambon beurre gruyère', NULL, NULL, NULL, NULL, NULL),
	(448, 'Leslie', 'Jacob', 'Afterwork uniquement (18h - 23h) - SELECTIONNEZ POUR FAIRE AFFICHER LA REDUCTION', 's.aubert@adastra-films.com', '', '', 'Sandwich jambon beurre gruyère', NULL, NULL, NULL, NULL, NULL),
	(449, 'Leslie', 'Jacob', 'Afterwork uniquement (18h - 23h) - SELECTIONNEZ POUR FAIRE AFFICHER LA REDUCTION', 's.aubert@adastra-films.com', '', '', 'Sandwich jambon beurre gruyère', NULL, NULL, NULL, NULL, NULL),
	(450, 'Leslie', 'Jacob', 'Afterwork uniquement (18h - 23h) - SELECTIONNEZ POUR FAIRE AFFICHER LA REDUCTION', 's.aubert@adastra-films.com', '', '', 'Sandwich jambon beurre gruyère', NULL, NULL, NULL, NULL, NULL),
	(451, 'Leslie', 'Jacob', 'Afterwork uniquement (18h - 23h) - SELECTIONNEZ POUR FAIRE AFFICHER LA REDUCTION', 's.aubert@adastra-films.com', '', '', 'Sandwich jambon beurre gruyère', NULL, NULL, NULL, NULL, NULL),
	(452, 'Leslie', 'Jacob', 'Afterwork uniquement (18h - 23h) - SELECTIONNEZ POUR FAIRE AFFICHER LA REDUCTION', 's.aubert@adastra-films.com', '', '', 'Sandwich jambon beurre gruyère', NULL, NULL, NULL, NULL, NULL),
	(453, 'Leslie', 'Jacob', 'Afterwork uniquement (18h - 23h) - SELECTIONNEZ POUR FAIRE AFFICHER LA REDUCTION', 's.aubert@adastra-films.com', '', '', 'Sandwich jambon beurre gruyère', NULL, NULL, NULL, NULL, NULL),
	(454, 'Leslie', 'Jacob', 'Afterwork uniquement (18h - 23h) - SELECTIONNEZ POUR FAIRE AFFICHER LA REDUCTION', 's.aubert@adastra-films.com', '', '', 'Sandwich jambon beurre gruyère', NULL, NULL, NULL, NULL, NULL),
	(455, 'Leslie', 'Jacob', 'Afterwork uniquement (18h - 23h) - SELECTIONNEZ POUR FAIRE AFFICHER LA REDUCTION', 's.aubert@adastra-films.com', '', '', 'Sandwich jambon beurre gruyère', NULL, NULL, NULL, NULL, NULL),
	(456, 'Leslie', 'Jacob', 'Afterwork uniquement (18h - 23h) - SELECTIONNEZ POUR FAIRE AFFICHER LA REDUCTION', 's.aubert@adastra-films.com', '', '', 'Sandwich jambon beurre gruyère', NULL, NULL, NULL, NULL, NULL),
	(457, 'Leslie', 'Jacob', 'Afterwork uniquement (18h - 23h) - SELECTIONNEZ POUR FAIRE AFFICHER LA REDUCTION', 's.aubert@adastra-films.com', '', '', 'Sandwich jambon beurre gruyère', NULL, NULL, NULL, NULL, NULL),
	(458, 'Leslie', 'Jacob', 'Afterwork uniquement (18h - 23h) - SELECTIONNEZ POUR FAIRE AFFICHER LA REDUCTION', 's.aubert@adastra-films.com', '', '', 'Sandwich jambon beurre gruyère', NULL, NULL, NULL, NULL, NULL),
	(459, 'Leslie', 'Jacob', 'Afterwork uniquement (18h - 23h) - SELECTIONNEZ POUR FAIRE AFFICHER LA REDUCTION', 's.aubert@adastra-films.com', '', '', 'Sandwich jambon beurre gruyère', NULL, NULL, NULL, NULL, NULL),
	(460, 'Leslie', 'Jacob', 'Afterwork uniquement (18h - 23h) - SELECTIONNEZ POUR FAIRE AFFICHER LA REDUCTION', 's.aubert@adastra-films.com', '', '', 'Sandwich jambon beurre gruyère', NULL, NULL, NULL, NULL, NULL),
	(461, 'Leslie', 'Jacob', 'Afterwork uniquement (18h - 23h) - SELECTIONNEZ POUR FAIRE AFFICHER LA REDUCTION', 's.aubert@adastra-films.com', '', '', 'Sandwich jambon beurre gruyère', NULL, NULL, NULL, NULL, NULL),
	(462, 'Leslie', 'Jacob', 'Afterwork uniquement (18h - 23h) - SELECTIONNEZ POUR FAIRE AFFICHER LA REDUCTION', 's.aubert@adastra-films.com', '', '', 'Sandwich jambon beurre gruyère', NULL, NULL, NULL, NULL, NULL),
	(463, 'Leslie', 'Jacob', 'Afterwork uniquement (18h - 23h) - SELECTIONNEZ POUR FAIRE AFFICHER LA REDUCTION', 's.aubert@adastra-films.com', '', '', 'Sandwich jambon beurre gruyère', NULL, NULL, NULL, NULL, NULL),
	(464, 'Leslie', 'Jacob', 'Afterwork uniquement (18h - 23h) - SELECTIONNEZ POUR FAIRE AFFICHER LA REDUCTION', 's.aubert@adastra-films.com', '', '', 'Sandwich jambon beurre gruyère', NULL, NULL, NULL, NULL, NULL),
	(465, 'Leslie', 'Jacob', 'Afterwork uniquement (18h - 23h) - SELECTIONNEZ POUR FAIRE AFFICHER LA REDUCTION', 's.aubert@adastra-films.com', '', '', 'Sandwich jambon beurre gruyère', NULL, NULL, NULL, NULL, NULL),
	(466, 'Leslie', 'Jacob', 'Afterwork uniquement (18h - 23h) - SELECTIONNEZ POUR FAIRE AFFICHER LA REDUCTION', 's.aubert@adastra-films.com', '', '', 'Sandwich jambon beurre gruyère', NULL, NULL, NULL, NULL, NULL);
/*!40000 ALTER TABLE `participants` ENABLE KEYS */;

-- Listage de la structure de la table cannesisup. plages_horaires
DROP TABLE IF EXISTS `plages_horaires`;
CREATE TABLE IF NOT EXISTS `plages_horaires` (
  `id` int(11) NOT NULL AUTO_INCREMENT,
  `times` varchar(50) DEFAULT NULL,
  `status` varchar(50) DEFAULT NULL,
  PRIMARY KEY (`id`)
) ENGINE=InnoDB AUTO_INCREMENT=7 DEFAULT CHARSET=utf8;

-- Listage des données de la table cannesisup.plages_horaires : ~6 rows (environ)
/*!40000 ALTER TABLE `plages_horaires` DISABLE KEYS */;
INSERT INTO `plages_horaires` (`id`, `times`, `status`) VALUES
	(1, '11H-12H', 'true'),
	(2, '12H-13H', 'true'),
	(3, '13H-14H', 'false'),
	(4, '14H-15H', 'true'),
	(5, '15H-16H', 'true'),
	(6, '16H-17H', 'true');
/*!40000 ALTER TABLE `plages_horaires` ENABLE KEYS */;

-- Listage de la structure de la table cannesisup. resultats
DROP TABLE IF EXISTS `resultats`;
CREATE TABLE IF NOT EXISTS `resultats` (
  `id` int(11) NOT NULL AUTO_INCREMENT,
  `id_participant` int(11) DEFAULT NULL,
  `id_activite` int(11) DEFAULT NULL,
  `id_plages_horaires` int(11) DEFAULT NULL,
  PRIMARY KEY (`id`),
  KEY `FK_resultats_participants` (`id_participant`),
  KEY `FK_resultats_activites` (`id_activite`),
  KEY `FK_resultats_plages_horaires` (`id_plages_horaires`),
  CONSTRAINT `FK_resultats_activites` FOREIGN KEY (`id_activite`) REFERENCES `activites` (`id`),
  CONSTRAINT `FK_resultats_participants` FOREIGN KEY (`id_participant`) REFERENCES `participants` (`id`),
  CONSTRAINT `FK_resultats_plages_horaires` FOREIGN KEY (`id_plages_horaires`) REFERENCES `plages_horaires` (`id`)
) ENGINE=InnoDB AUTO_INCREMENT=1443 DEFAULT CHARSET=utf8;

-- Listage des données de la table cannesisup.resultats : ~1 442 rows (environ)
/*!40000 ALTER TABLE `resultats` DISABLE KEYS */;
INSERT INTO `resultats` (`id`, `id_participant`, `id_activite`, `id_plages_horaires`) VALUES
	(1, 3, 1, 1),
	(2, 52, 1, 1),
	(3, 70, 1, 1),
	(4, 109, 1, 1),
	(5, 125, 1, 1),
	(6, 167, 1, 1),
	(7, 193, 1, 1),
	(8, 351, 1, 1),
	(9, 352, 1, 1),
	(10, 353, 1, 1),
	(11, 354, 1, 1),
	(12, 355, 1, 1),
	(13, 356, 1, 2),
	(14, 357, 1, 2),
	(15, 358, 1, 2),
	(16, 359, 1, 2),
	(17, 360, 1, 2),
	(18, 361, 1, 2),
	(19, 362, 1, 2),
	(20, 363, 1, 2),
	(21, 364, 1, 2),
	(22, 365, 1, 2),
	(23, 4, 2, 1),
	(24, 57, 2, 1),
	(25, 62, 2, 1),
	(26, 76, 2, 1),
	(27, 166, 2, 1),
	(28, 170, 2, 1),
	(29, 182, 2, 1),
	(30, 222, 2, 1),
	(31, 229, 2, 1),
	(32, 260, 2, 1),
	(33, 273, 2, 1),
	(34, 388, 2, 1),
	(35, 389, 2, 2),
	(36, 390, 2, 2),
	(37, 391, 2, 2),
	(38, 392, 2, 2),
	(39, 393, 2, 2),
	(40, 394, 2, 2),
	(41, 395, 2, 2),
	(42, 396, 2, 2),
	(43, 397, 2, 2),
	(44, 398, 2, 2),
	(45, 399, 2, 2),
	(46, 400, 2, 2),
	(47, 401, 2, 4),
	(48, 402, 2, 4),
	(49, 40, 3, 1),
	(50, 41, 3, 1),
	(51, 53, 3, 1),
	(52, 72, 3, 1),
	(53, 81, 3, 1),
	(54, 91, 3, 1),
	(55, 93, 3, 1),
	(56, 111, 3, 1),
	(57, 120, 3, 1),
	(58, 153, 3, 1),
	(59, 246, 3, 1),
	(60, 261, 3, 1),
	(61, 270, 3, 2),
	(62, 274, 3, 2),
	(63, 276, 3, 2),
	(64, 278, 3, 2),
	(65, 285, 3, 2),
	(66, 299, 3, 2),
	(67, 79, 4, 1),
	(68, 94, 4, 1),
	(69, 100, 4, 1),
	(70, 117, 4, 1),
	(71, 155, 4, 1),
	(72, 181, 4, 1),
	(73, 191, 4, 1),
	(74, 198, 4, 1),
	(75, 227, 4, 1),
	(76, 252, 4, 1),
	(77, 253, 4, 1),
	(78, 112, 5, 1),
	(79, 137, 5, 1),
	(80, 207, 5, 1),
	(81, 211, 5, 1),
	(82, 216, 5, 1),
	(83, 249, 5, 1),
	(84, 251, 5, 1),
	(85, 287, 5, 1),
	(86, 291, 5, 1),
	(87, 7, 6, 1),
	(88, 66, 6, 1),
	(89, 87, 6, 1),
	(90, 116, 6, 1),
	(91, 134, 6, 1),
	(92, 135, 6, 1),
	(93, 180, 6, 1),
	(94, 186, 6, 1),
	(95, 219, 6, 1),
	(96, 224, 6, 1),
	(97, 234, 6, 1),
	(98, 254, 6, 1),
	(99, 298, 6, 2),
	(100, 5, 7, 1),
	(101, 42, 7, 1),
	(102, 48, 7, 1),
	(103, 71, 7, 1),
	(104, 88, 7, 1),
	(105, 95, 7, 1),
	(106, 121, 7, 1),
	(107, 131, 7, 1),
	(108, 139, 7, 1),
	(109, 176, 7, 1),
	(110, 177, 7, 1),
	(111, 200, 7, 1),
	(112, 233, 7, 2),
	(113, 257, 7, 2),
	(114, 263, 7, 2),
	(115, 294, 7, 2),
	(116, 296, 7, 2),
	(117, 403, 7, 2),
	(118, 404, 7, 2),
	(119, 405, 7, 2),
	(120, 406, 7, 2),
	(121, 407, 7, 2),
	(122, 408, 7, 2),
	(123, 409, 7, 2),
	(124, 410, 7, 4),
	(125, 411, 7, 4),
	(126, 412, 7, 4),
	(127, 413, 7, 4),
	(128, 414, 7, 4),
	(129, 415, 7, 4),
	(130, 416, 7, 4),
	(131, 417, 7, 4),
	(132, 418, 7, 4),
	(133, 419, 7, 4),
	(134, 420, 7, 4),
	(135, 421, 7, 4),
	(136, 422, 7, 5),
	(137, 423, 7, 5),
	(138, 424, 7, 5),
	(139, 425, 7, 5),
	(140, 426, 7, 5),
	(141, 427, 7, 5),
	(142, 428, 7, 5),
	(143, 429, 7, 5),
	(144, 430, 7, 5),
	(145, 431, 7, 5),
	(146, 432, 7, 5),
	(147, 433, 7, 5),
	(148, 434, 7, 6),
	(149, 435, 7, 6),
	(150, 436, 7, 6),
	(151, 133, 8, 1),
	(152, 154, 8, 1),
	(153, 179, 8, 1),
	(154, 235, 8, 1),
	(155, 242, 8, 1),
	(156, 264, 8, 1),
	(157, 275, 8, 1),
	(158, 293, 8, 1),
	(159, 126, 9, 1),
	(160, 149, 9, 1),
	(161, 199, 9, 1),
	(162, 201, 9, 1),
	(163, 262, 9, 1),
	(164, 267, 9, 1),
	(165, 54, 10, 1),
	(166, 136, 10, 1),
	(167, 174, 10, 1),
	(168, 204, 10, 1),
	(169, 206, 10, 1),
	(170, 209, 10, 1),
	(171, 231, 10, 1),
	(172, 247, 10, 1),
	(173, 272, 10, 1),
	(174, 292, 10, 1),
	(175, 119, 11, 1),
	(176, 146, 11, 1),
	(177, 173, 11, 1),
	(178, 178, 11, 1),
	(179, 197, 11, 1),
	(180, 217, 11, 1),
	(181, 226, 11, 1),
	(182, 259, 11, 1),
	(183, 279, 11, 1),
	(184, 295, 11, 1),
	(185, 302, 11, 1),
	(186, 39, 12, 1),
	(187, 50, 12, 1),
	(188, 65, 12, 1),
	(189, 110, 12, 1),
	(190, 132, 12, 1),
	(191, 210, 12, 1),
	(192, 248, 12, 1),
	(193, 47, 13, 1),
	(194, 92, 13, 1),
	(195, 97, 13, 1),
	(196, 101, 13, 1),
	(197, 103, 13, 1),
	(198, 104, 13, 1),
	(199, 113, 13, 1),
	(200, 143, 13, 1),
	(201, 212, 13, 1),
	(202, 218, 13, 1),
	(203, 223, 13, 1),
	(204, 228, 13, 1),
	(205, 306, 13, 2),
	(206, 129, 14, 1),
	(207, 162, 14, 1),
	(208, 185, 14, 1),
	(209, 187, 14, 1),
	(210, 220, 14, 1),
	(211, 268, 14, 1),
	(212, 269, 14, 1),
	(213, 75, 15, 1),
	(214, 77, 15, 1),
	(215, 78, 15, 1),
	(216, 108, 15, 1),
	(217, 127, 15, 1),
	(218, 147, 15, 1),
	(219, 250, 15, 1),
	(220, 304, 15, 1),
	(221, 55, 16, 1),
	(222, 60, 16, 1),
	(223, 68, 16, 1),
	(224, 74, 16, 1),
	(225, 124, 16, 1),
	(226, 148, 16, 1),
	(227, 169, 16, 1),
	(228, 225, 16, 1),
	(229, 67, 17, 1),
	(230, 90, 17, 1),
	(231, 123, 17, 1),
	(232, 157, 17, 1),
	(233, 160, 17, 1),
	(234, 171, 17, 1),
	(235, 196, 17, 1),
	(236, 238, 17, 1),
	(237, 258, 17, 1),
	(238, 281, 17, 1),
	(239, 45, 18, 1),
	(240, 51, 18, 1),
	(241, 64, 18, 1),
	(242, 84, 18, 1),
	(243, 89, 18, 1),
	(244, 106, 18, 1),
	(245, 175, 18, 1),
	(246, 214, 18, 1),
	(247, 232, 18, 1),
	(248, 277, 18, 1),
	(249, 46, 19, 1),
	(250, 59, 19, 1),
	(251, 152, 19, 1),
	(252, 192, 19, 1),
	(253, 230, 19, 1),
	(254, 236, 19, 1),
	(255, 245, 19, 1),
	(256, 255, 19, 1),
	(257, 265, 19, 1),
	(258, 266, 19, 1),
	(259, 286, 19, 1),
	(260, 288, 19, 1),
	(261, 56, 20, 1),
	(262, 61, 20, 1),
	(263, 99, 20, 1),
	(264, 138, 20, 1),
	(265, 150, 20, 1),
	(266, 158, 20, 1),
	(267, 165, 20, 1),
	(268, 237, 20, 1),
	(269, 240, 20, 1),
	(270, 243, 20, 1),
	(271, 282, 20, 1),
	(272, 8, 21, 1),
	(273, 73, 21, 1),
	(274, 85, 21, 1),
	(275, 145, 21, 1),
	(276, 151, 21, 1),
	(277, 159, 21, 1),
	(278, 183, 21, 1),
	(279, 184, 21, 1),
	(280, 202, 21, 1),
	(281, 208, 21, 1),
	(282, 244, 21, 1),
	(283, 280, 21, 1),
	(284, 82, 22, 1),
	(285, 83, 22, 1),
	(286, 98, 22, 1),
	(287, 105, 22, 1),
	(288, 156, 22, 1),
	(289, 213, 22, 1),
	(290, 215, 22, 1),
	(291, 283, 22, 1),
	(292, 290, 22, 1),
	(293, 305, 22, 1),
	(294, 49, 23, 1),
	(295, 96, 23, 1),
	(296, 122, 23, 1),
	(297, 128, 23, 1),
	(298, 142, 23, 1),
	(299, 144, 23, 1),
	(300, 172, 23, 1),
	(301, 256, 23, 1),
	(302, 300, 23, 1),
	(303, 44, 24, 1),
	(304, 80, 24, 1),
	(305, 86, 24, 1),
	(306, 114, 24, 1),
	(307, 161, 24, 1),
	(308, 163, 24, 1),
	(309, 164, 24, 1),
	(310, 188, 24, 1),
	(311, 205, 24, 1),
	(312, 221, 24, 1),
	(313, 241, 24, 1),
	(314, 43, 25, 1),
	(315, 69, 25, 1),
	(316, 107, 25, 1),
	(317, 118, 25, 1),
	(318, 130, 25, 1),
	(319, 140, 25, 1),
	(320, 141, 25, 1),
	(321, 168, 25, 1),
	(322, 189, 25, 1),
	(323, 195, 25, 1),
	(324, 203, 25, 1),
	(325, 239, 25, 1),
	(326, 271, 25, 2),
	(327, 284, 25, 2),
	(328, 303, 25, 2),
	(329, 6, 26, 1),
	(330, 58, 26, 1),
	(331, 63, 26, 1),
	(332, 102, 26, 1),
	(333, 115, 26, 1),
	(334, 190, 26, 1),
	(335, 289, 26, 1),
	(336, 297, 26, 1),
	(337, 1, 27, 1),
	(338, 2, 27, 1),
	(339, 10, 27, 1),
	(340, 194, 27, 1),
	(341, 301, 27, 1),
	(342, 366, 27, 1),
	(343, 367, 27, 1),
	(344, 368, 27, 1),
	(345, 369, 27, 1),
	(346, 370, 27, 1),
	(347, 371, 27, 1),
	(348, 372, 27, 1),
	(349, 373, 27, 2),
	(350, 374, 27, 2),
	(351, 375, 27, 2),
	(352, 376, 27, 2),
	(353, 377, 27, 2),
	(354, 378, 27, 2),
	(355, 379, 27, 2),
	(356, 380, 27, 2),
	(357, 381, 27, 2),
	(358, 382, 27, 2),
	(359, 383, 27, 2),
	(360, 384, 27, 2),
	(361, 385, 27, 4),
	(362, 386, 27, 4),
	(363, 387, 27, 4),
	(364, 53, 1, 2),
	(365, 116, 1, 2),
	(366, 177, 1, 4),
	(367, 259, 1, 4),
	(368, 306, 1, 4),
	(369, 2, 2, 4),
	(370, 10, 2, 4),
	(371, 61, 2, 4),
	(372, 84, 2, 4),
	(373, 86, 2, 4),
	(374, 131, 2, 4),
	(375, 146, 2, 4),
	(376, 158, 2, 4),
	(377, 175, 2, 4),
	(378, 187, 2, 4),
	(379, 214, 2, 5),
	(380, 222, 2, 5),
	(381, 230, 2, 5),
	(382, 233, 2, 5),
	(383, 234, 2, 5),
	(384, 268, 2, 5),
	(385, 271, 2, 5),
	(386, 292, 2, 5),
	(387, 366, 2, 5),
	(388, 367, 2, 5),
	(389, 368, 2, 5),
	(390, 369, 2, 5),
	(391, 370, 2, 6),
	(392, 371, 2, 6),
	(393, 372, 2, 6),
	(394, 373, 2, 6),
	(395, 374, 2, 6),
	(396, 375, 2, 6),
	(397, 376, 2, 6),
	(398, 377, 2, 6),
	(399, 378, 2, 6),
	(400, 379, 2, 6),
	(401, 380, 2, 6),
	(402, 381, 2, 6),
	(403, 43, 3, 2),
	(404, 91, 3, 2),
	(405, 118, 3, 2),
	(406, 167, 3, 2),
	(407, 180, 3, 2),
	(408, 190, 3, 2),
	(409, 191, 3, 4),
	(410, 194, 3, 4),
	(411, 200, 3, 4),
	(412, 225, 3, 4),
	(413, 232, 3, 4),
	(414, 250, 3, 4),
	(415, 279, 3, 4),
	(416, 295, 3, 4),
	(417, 40, 4, 2),
	(418, 83, 4, 2),
	(419, 89, 4, 2),
	(420, 102, 4, 2),
	(421, 108, 4, 2),
	(422, 113, 4, 2),
	(423, 136, 4, 2),
	(424, 150, 4, 2),
	(425, 169, 4, 2),
	(426, 173, 4, 2),
	(427, 189, 4, 2),
	(428, 196, 4, 2),
	(429, 235, 4, 4),
	(430, 247, 4, 4),
	(431, 260, 4, 4),
	(432, 6, 5, 2),
	(433, 112, 5, 2),
	(434, 149, 5, 2),
	(435, 192, 5, 2),
	(436, 227, 5, 2),
	(437, 244, 5, 2),
	(438, 267, 5, 2),
	(439, 8, 6, 2),
	(440, 44, 6, 2),
	(441, 46, 6, 2),
	(442, 52, 6, 2),
	(443, 68, 6, 2),
	(444, 82, 6, 2),
	(445, 105, 6, 2),
	(446, 111, 6, 2),
	(447, 153, 6, 2),
	(448, 198, 6, 2),
	(449, 251, 6, 2),
	(450, 273, 6, 4),
	(451, 275, 6, 4),
	(452, 41, 7, 6),
	(453, 59, 7, 6),
	(454, 66, 7, 6),
	(455, 96, 7, 6),
	(456, 104, 7, 6),
	(457, 106, 7, 6),
	(458, 114, 7, 6),
	(459, 145, 7, 6),
	(460, 151, 7, 6),
	(461, 62, 8, 2),
	(462, 73, 8, 2),
	(463, 79, 8, 2),
	(464, 168, 8, 2),
	(465, 229, 8, 2),
	(466, 241, 8, 2),
	(467, 243, 8, 2),
	(468, 255, 8, 2),
	(469, 276, 8, 1),
	(470, 51, 9, 2),
	(471, 63, 9, 2),
	(472, 70, 9, 2),
	(473, 71, 9, 2),
	(474, 78, 9, 2),
	(475, 81, 9, 2),
	(476, 93, 9, 2),
	(477, 103, 9, 2),
	(478, 210, 9, 2),
	(479, 278, 9, 1),
	(480, 288, 9, 2),
	(481, 74, 10, 2),
	(482, 166, 10, 2),
	(483, 199, 10, 2),
	(484, 67, 11, 2),
	(485, 98, 11, 2),
	(486, 124, 11, 2),
	(487, 128, 11, 2),
	(488, 142, 11, 2),
	(489, 144, 11, 2),
	(490, 147, 11, 2),
	(491, 178, 11, 2),
	(492, 184, 11, 2),
	(493, 201, 11, 2),
	(494, 257, 11, 1),
	(495, 285, 11, 4),
	(496, 39, 12, 2),
	(497, 55, 12, 2),
	(498, 58, 12, 2),
	(499, 80, 12, 2),
	(500, 97, 12, 2),
	(501, 132, 12, 2),
	(502, 183, 12, 2),
	(503, 186, 12, 2),
	(504, 231, 12, 2),
	(505, 236, 12, 2),
	(506, 238, 12, 2),
	(507, 242, 12, 2),
	(508, 256, 12, 4),
	(509, 280, 12, 4),
	(510, 90, 13, 2),
	(511, 123, 13, 2),
	(512, 208, 13, 2),
	(513, 262, 13, 2),
	(514, 272, 13, 2),
	(515, 291, 13, 2),
	(516, 54, 14, 2),
	(517, 76, 14, 2),
	(518, 155, 14, 2),
	(519, 164, 14, 2),
	(520, 193, 14, 2),
	(521, 283, 14, 2),
	(522, 3, 15, 2),
	(523, 48, 15, 2),
	(524, 107, 15, 2),
	(525, 121, 15, 2),
	(526, 140, 15, 2),
	(527, 205, 15, 2),
	(528, 209, 15, 2),
	(529, 213, 15, 2),
	(530, 274, 15, 1),
	(531, 286, 15, 2),
	(532, 301, 15, 2),
	(533, 351, 15, 2),
	(534, 352, 15, 2),
	(535, 353, 15, 4),
	(536, 354, 15, 4),
	(537, 355, 15, 4),
	(538, 356, 15, 1),
	(539, 357, 15, 1),
	(540, 358, 15, 1),
	(541, 359, 15, 4),
	(542, 360, 15, 4),
	(543, 361, 15, 4),
	(544, 362, 15, 4),
	(545, 363, 15, 4),
	(546, 364, 15, 4),
	(547, 365, 15, 4),
	(548, 56, 16, 2),
	(549, 125, 16, 2),
	(550, 130, 16, 2),
	(551, 134, 16, 2),
	(552, 165, 16, 2),
	(553, 261, 16, 2),
	(554, 287, 16, 2),
	(555, 294, 16, 1),
	(556, 5, 17, 2),
	(557, 47, 17, 2),
	(558, 57, 17, 2),
	(559, 95, 17, 2),
	(560, 99, 17, 2),
	(561, 122, 17, 2),
	(562, 154, 17, 2),
	(563, 202, 17, 2),
	(564, 215, 17, 2),
	(565, 220, 17, 2),
	(566, 263, 17, 1),
	(567, 296, 17, 1),
	(568, 403, 17, 4),
	(569, 404, 17, 4),
	(570, 405, 17, 4),
	(571, 406, 17, 4),
	(572, 407, 17, 4),
	(573, 408, 17, 4),
	(574, 409, 17, 4),
	(575, 410, 17, 2),
	(576, 411, 17, 2),
	(577, 412, 17, 5),
	(578, 413, 17, 5),
	(579, 414, 17, 5),
	(580, 415, 17, 5),
	(581, 416, 17, 5),
	(582, 417, 17, 5),
	(583, 418, 17, 5),
	(584, 419, 17, 5),
	(585, 420, 17, 5),
	(586, 421, 17, 5),
	(587, 422, 17, 4),
	(588, 423, 17, 4),
	(589, 424, 17, 4),
	(590, 425, 17, 4),
	(591, 426, 17, 4),
	(592, 427, 17, 6),
	(593, 428, 17, 6),
	(594, 429, 17, 6),
	(595, 430, 17, 6),
	(596, 431, 17, 6),
	(597, 432, 17, 6),
	(598, 433, 17, 6),
	(599, 434, 17, 5),
	(600, 435, 17, 5),
	(601, 4, 18, 2),
	(602, 72, 18, 2),
	(603, 137, 18, 2),
	(604, 156, 18, 2),
	(605, 160, 18, 2),
	(606, 163, 18, 2),
	(607, 204, 18, 2),
	(608, 226, 18, 2),
	(609, 253, 18, 2),
	(610, 254, 18, 2),
	(611, 258, 18, 2),
	(612, 265, 18, 2),
	(613, 388, 18, 4),
	(614, 389, 18, 1),
	(615, 390, 18, 1),
	(616, 391, 18, 4),
	(617, 392, 18, 4),
	(618, 393, 18, 4),
	(619, 394, 18, 4),
	(620, 395, 18, 4),
	(621, 396, 18, 4),
	(622, 397, 18, 4),
	(623, 398, 18, 4),
	(624, 399, 18, 4),
	(625, 400, 18, 4),
	(626, 401, 18, 5),
	(627, 402, 18, 5),
	(628, 88, 19, 2),
	(629, 120, 19, 2),
	(630, 126, 19, 2),
	(631, 127, 19, 2),
	(632, 174, 19, 2),
	(633, 206, 19, 2),
	(634, 217, 19, 2),
	(635, 249, 19, 2),
	(636, 264, 19, 2),
	(637, 42, 20, 2),
	(638, 115, 20, 2),
	(639, 159, 20, 2),
	(640, 185, 20, 2),
	(641, 228, 20, 2),
	(642, 237, 20, 2),
	(643, 289, 20, 2),
	(644, 290, 20, 2),
	(645, 298, 20, 1),
	(646, 305, 20, 2),
	(647, 45, 21, 2),
	(648, 64, 21, 2),
	(649, 69, 21, 2),
	(650, 77, 21, 2),
	(651, 87, 21, 2),
	(652, 101, 21, 2),
	(653, 152, 21, 2),
	(654, 218, 21, 2),
	(655, 221, 21, 2),
	(656, 284, 21, 4),
	(657, 50, 22, 2),
	(658, 117, 22, 2),
	(659, 157, 22, 2),
	(660, 219, 22, 2),
	(661, 223, 22, 2),
	(662, 248, 22, 2),
	(663, 269, 22, 2),
	(664, 277, 22, 2),
	(665, 85, 23, 2),
	(666, 109, 23, 2),
	(667, 148, 23, 2),
	(668, 170, 23, 2),
	(669, 179, 23, 2),
	(670, 188, 23, 2),
	(671, 239, 23, 2),
	(672, 252, 23, 2),
	(673, 1, 24, 2),
	(674, 7, 24, 2),
	(675, 49, 24, 2),
	(676, 75, 24, 2),
	(677, 139, 24, 2),
	(678, 181, 24, 2),
	(679, 195, 24, 2),
	(680, 197, 24, 2),
	(681, 203, 24, 2),
	(682, 212, 24, 2),
	(683, 224, 24, 2),
	(684, 245, 24, 2),
	(685, 270, 24, 1),
	(686, 281, 24, 4),
	(687, 299, 24, 4),
	(688, 302, 24, 4),
	(689, 304, 24, 4),
	(690, 65, 25, 2),
	(691, 92, 25, 2),
	(692, 94, 25, 2),
	(693, 100, 25, 2),
	(694, 143, 25, 2),
	(695, 162, 25, 2),
	(696, 171, 25, 2),
	(697, 207, 25, 2),
	(698, 216, 25, 2),
	(699, 297, 25, 4),
	(700, 303, 25, 4),
	(701, 60, 26, 2),
	(702, 110, 26, 2),
	(703, 129, 26, 2),
	(704, 133, 26, 2),
	(705, 135, 26, 2),
	(706, 138, 26, 2),
	(707, 161, 26, 2),
	(708, 172, 26, 2),
	(709, 211, 26, 2),
	(710, 240, 26, 2),
	(711, 246, 26, 2),
	(712, 293, 26, 2),
	(713, 119, 27, 4),
	(714, 141, 27, 4),
	(715, 164, 1, 4),
	(716, 263, 1, 4),
	(717, 2, 3, 5),
	(718, 57, 3, 4),
	(719, 75, 3, 4),
	(720, 87, 3, 4),
	(721, 143, 3, 4),
	(722, 177, 3, 5),
	(723, 179, 3, 5),
	(724, 235, 3, 5),
	(725, 274, 3, 5),
	(726, 276, 3, 5),
	(727, 366, 3, 6),
	(728, 367, 3, 6),
	(729, 368, 3, 6),
	(730, 369, 3, 6),
	(731, 370, 3, 5),
	(732, 371, 3, 5),
	(733, 372, 3, 5),
	(734, 373, 3, 5),
	(735, 374, 3, 5),
	(736, 375, 3, 5),
	(737, 382, 3, 6),
	(738, 383, 3, 6),
	(739, 384, 3, 6),
	(740, 385, 3, 6),
	(741, 386, 3, 6),
	(742, 387, 3, 6),
	(743, 58, 4, 4),
	(744, 82, 4, 4),
	(745, 160, 4, 4),
	(746, 165, 4, 4),
	(747, 191, 4, 5),
	(748, 217, 4, 4),
	(749, 234, 4, 4),
	(750, 245, 4, 4),
	(751, 293, 4, 4),
	(752, 8, 5, 4),
	(753, 50, 5, 4),
	(754, 51, 5, 4),
	(755, 72, 5, 4),
	(756, 93, 5, 4),
	(757, 119, 5, 2),
	(758, 130, 5, 4),
	(759, 181, 5, 4),
	(760, 195, 5, 4),
	(761, 196, 5, 4),
	(762, 248, 5, 4),
	(763, 270, 5, 4),
	(764, 298, 5, 4),
	(765, 7, 6, 4),
	(766, 49, 6, 4),
	(767, 63, 6, 4),
	(768, 70, 6, 4),
	(769, 97, 6, 4),
	(770, 103, 6, 4),
	(771, 127, 6, 4),
	(772, 131, 6, 5),
	(773, 134, 6, 4),
	(774, 135, 6, 4),
	(775, 174, 6, 4),
	(776, 213, 6, 5),
	(777, 284, 6, 5),
	(778, 302, 6, 5),
	(779, 303, 6, 5),
	(780, 41, 8, 2),
	(781, 52, 8, 4),
	(782, 77, 8, 4),
	(783, 149, 8, 4),
	(784, 173, 8, 4),
	(785, 183, 8, 4),
	(786, 205, 8, 4),
	(787, 208, 8, 4),
	(788, 247, 8, 2),
	(789, 250, 8, 2),
	(790, 295, 8, 2),
	(791, 299, 8, 1),
	(792, 43, 9, 4),
	(793, 48, 9, 4),
	(794, 76, 9, 4),
	(795, 84, 9, 2),
	(796, 89, 9, 4),
	(797, 91, 9, 4),
	(798, 124, 9, 4),
	(799, 137, 9, 4),
	(800, 163, 9, 4),
	(801, 171, 9, 4),
	(802, 214, 9, 2),
	(803, 229, 9, 4),
	(804, 260, 9, 5),
	(805, 296, 9, 4),
	(806, 59, 10, 2),
	(807, 60, 10, 4),
	(808, 83, 10, 4),
	(809, 101, 10, 4),
	(810, 126, 10, 4),
	(811, 138, 10, 4),
	(812, 140, 10, 4),
	(813, 157, 10, 4),
	(814, 182, 10, 2),
	(815, 188, 10, 4),
	(816, 190, 10, 4),
	(817, 198, 10, 4),
	(818, 200, 10, 2),
	(819, 220, 10, 4),
	(820, 255, 10, 4),
	(821, 291, 10, 5),
	(822, 294, 10, 5),
	(823, 112, 11, 4),
	(824, 136, 11, 4),
	(825, 184, 11, 4),
	(826, 197, 11, 4),
	(827, 259, 11, 2),
	(828, 261, 11, 4),
	(829, 267, 11, 4),
	(830, 283, 11, 4),
	(831, 286, 11, 4),
	(832, 47, 12, 4),
	(833, 81, 12, 4),
	(834, 92, 12, 4),
	(835, 96, 12, 4),
	(836, 224, 12, 4),
	(837, 277, 12, 4),
	(838, 292, 12, 4),
	(839, 117, 13, 4),
	(840, 166, 13, 4),
	(841, 192, 13, 4),
	(842, 211, 13, 4),
	(843, 223, 13, 4),
	(844, 251, 13, 4),
	(845, 266, 13, 2),
	(846, 288, 13, 4),
	(847, 78, 14, 4),
	(848, 88, 14, 4),
	(849, 94, 14, 4),
	(850, 104, 14, 2),
	(851, 109, 14, 4),
	(852, 121, 14, 4),
	(853, 132, 14, 4),
	(854, 150, 14, 4),
	(855, 180, 14, 4),
	(856, 231, 14, 4),
	(857, 233, 14, 1),
	(858, 304, 14, 2),
	(859, 5, 15, 4),
	(860, 116, 15, 4),
	(861, 123, 15, 5),
	(862, 176, 15, 5),
	(863, 212, 15, 5),
	(864, 268, 15, 6),
	(865, 269, 15, 5),
	(866, 287, 15, 5),
	(867, 301, 15, 5),
	(868, 403, 15, 5),
	(869, 404, 15, 5),
	(870, 405, 15, 5),
	(871, 406, 15, 5),
	(872, 407, 15, 5),
	(873, 408, 15, 5),
	(874, 409, 15, 6),
	(875, 410, 15, 6),
	(876, 411, 15, 6),
	(877, 412, 15, 6),
	(878, 413, 15, 6),
	(879, 414, 15, 6),
	(880, 415, 15, 6),
	(881, 416, 15, 6),
	(882, 417, 15, 6),
	(883, 418, 15, 6),
	(884, 419, 15, 6),
	(885, 85, 16, 4),
	(886, 120, 16, 4),
	(887, 204, 16, 4),
	(888, 39, 17, 6),
	(889, 79, 17, 6),
	(890, 144, 17, 6),
	(891, 169, 17, 6),
	(892, 202, 17, 6),
	(893, 66, 18, 4),
	(894, 68, 18, 5),
	(895, 80, 18, 5),
	(896, 98, 18, 5),
	(897, 156, 18, 5),
	(898, 159, 18, 5),
	(899, 161, 18, 5),
	(900, 178, 18, 5),
	(901, 241, 18, 5),
	(902, 265, 18, 5),
	(903, 275, 18, 5),
	(904, 62, 19, 4),
	(905, 111, 19, 4),
	(906, 118, 19, 4),
	(907, 199, 19, 4),
	(908, 246, 19, 4),
	(909, 281, 19, 2),
	(910, 67, 20, 4),
	(911, 74, 20, 4),
	(912, 106, 20, 2),
	(913, 115, 20, 4),
	(914, 146, 20, 2),
	(915, 154, 20, 4),
	(916, 158, 20, 2),
	(917, 168, 20, 4),
	(918, 201, 20, 4),
	(919, 227, 20, 4),
	(920, 45, 21, 4),
	(921, 56, 21, 4),
	(922, 61, 21, 2),
	(923, 151, 21, 2),
	(924, 186, 21, 4),
	(925, 209, 21, 4),
	(926, 237, 21, 4),
	(927, 242, 21, 4),
	(928, 285, 21, 5),
	(929, 290, 21, 4),
	(930, 1, 22, 4),
	(931, 73, 22, 4),
	(932, 99, 22, 4),
	(933, 122, 22, 4),
	(934, 147, 22, 4),
	(935, 170, 22, 4),
	(936, 221, 22, 4),
	(937, 232, 22, 2),
	(938, 272, 22, 4),
	(939, 278, 22, 4),
	(940, 297, 22, 2),
	(941, 102, 23, 4),
	(942, 105, 23, 4),
	(943, 108, 23, 4),
	(944, 113, 23, 4),
	(945, 125, 23, 4),
	(946, 162, 23, 4),
	(947, 194, 23, 2),
	(948, 238, 23, 4),
	(949, 240, 23, 4),
	(950, 243, 23, 4),
	(951, 258, 23, 4),
	(952, 279, 23, 2),
	(953, 280, 23, 2),
	(954, 289, 23, 4),
	(955, 3, 24, 4),
	(956, 64, 24, 4),
	(957, 65, 24, 4),
	(958, 139, 24, 4),
	(959, 153, 24, 4),
	(960, 189, 24, 4),
	(961, 203, 24, 4),
	(962, 218, 24, 4),
	(963, 230, 24, 6),
	(964, 239, 24, 5),
	(965, 273, 24, 5),
	(966, 282, 24, 5),
	(967, 300, 24, 5),
	(968, 305, 24, 5),
	(969, 351, 24, 5),
	(970, 352, 24, 5),
	(971, 353, 24, 5),
	(972, 354, 24, 5),
	(973, 355, 24, 5),
	(974, 356, 24, 5),
	(975, 357, 24, 5),
	(976, 358, 24, 6),
	(977, 359, 24, 6),
	(978, 360, 24, 6),
	(979, 361, 24, 6),
	(980, 362, 24, 6),
	(981, 363, 24, 6),
	(982, 364, 24, 6),
	(983, 365, 24, 6),
	(984, 46, 25, 4),
	(985, 55, 25, 4),
	(986, 100, 25, 4),
	(987, 145, 25, 4),
	(988, 187, 25, 5),
	(989, 226, 25, 4),
	(990, 228, 25, 4),
	(991, 244, 25, 4),
	(992, 249, 25, 4),
	(993, 264, 25, 4),
	(994, 6, 26, 4),
	(995, 44, 26, 4),
	(996, 53, 26, 4),
	(997, 54, 26, 4),
	(998, 71, 26, 4),
	(999, 86, 26, 5),
	(1000, 95, 26, 4),
	(1001, 128, 26, 4),
	(1002, 133, 26, 4),
	(1003, 148, 26, 4),
	(1004, 155, 26, 4),
	(1005, 185, 26, 4),
	(1006, 210, 26, 4),
	(1007, 257, 26, 5),
	(1008, 306, 26, 1),
	(1009, 219, 27, 4),
	(1010, 222, 27, 4),
	(1011, 236, 27, 4),
	(1012, 256, 27, 5),
	(1013, 51, 1, 5),
	(1014, 64, 1, 5),
	(1015, 234, 1, 6),
	(1016, 253, 1, 4),
	(1017, 61, 3, 6),
	(1018, 65, 3, 6),
	(1019, 1, 4, 5),
	(1020, 5, 4, 5),
	(1021, 6, 4, 5),
	(1022, 115, 4, 5),
	(1023, 125, 4, 5),
	(1024, 145, 4, 5),
	(1025, 218, 4, 5),
	(1026, 231, 4, 5),
	(1027, 247, 4, 5),
	(1028, 270, 4, 5),
	(1029, 281, 4, 5),
	(1030, 294, 4, 4),
	(1031, 403, 4, 1),
	(1032, 404, 4, 6),
	(1033, 405, 4, 6),
	(1034, 406, 4, 6),
	(1035, 407, 4, 6),
	(1036, 408, 4, 6),
	(1037, 420, 4, 6),
	(1038, 421, 4, 6),
	(1039, 422, 4, 6),
	(1040, 423, 4, 6),
	(1041, 424, 4, 6),
	(1042, 425, 4, 6),
	(1043, 426, 4, 6),
	(1044, 48, 5, 5),
	(1045, 83, 5, 5),
	(1046, 100, 5, 5),
	(1047, 119, 5, 5),
	(1048, 152, 5, 5),
	(1049, 210, 5, 5),
	(1050, 221, 5, 5),
	(1051, 263, 5, 5),
	(1052, 266, 5, 5),
	(1053, 93, 6, 5),
	(1054, 106, 6, 5),
	(1055, 239, 6, 6),
	(1056, 273, 6, 6),
	(1057, 287, 6, 6),
	(1058, 300, 6, 6),
	(1059, 55, 8, 5),
	(1060, 59, 8, 4),
	(1061, 85, 8, 5),
	(1062, 163, 8, 5),
	(1063, 184, 8, 5),
	(1064, 244, 8, 5),
	(1065, 47, 9, 5),
	(1066, 76, 9, 5),
	(1067, 92, 9, 5),
	(1068, 134, 9, 5),
	(1069, 141, 9, 5),
	(1070, 208, 9, 5),
	(1071, 246, 9, 5),
	(1072, 250, 9, 5),
	(1073, 256, 9, 6),
	(1074, 295, 9, 5),
	(1075, 7, 10, 5),
	(1076, 52, 10, 5),
	(1077, 66, 10, 2),
	(1078, 124, 10, 5),
	(1079, 128, 10, 5),
	(1080, 180, 10, 5),
	(1081, 181, 10, 5),
	(1082, 199, 10, 5),
	(1083, 206, 10, 5),
	(1084, 222, 10, 2),
	(1085, 227, 10, 5),
	(1086, 241, 10, 6),
	(1087, 292, 10, 2),
	(1088, 303, 10, 1),
	(1089, 10, 11, 2),
	(1090, 72, 11, 5),
	(1091, 113, 11, 5),
	(1092, 118, 11, 5),
	(1093, 127, 11, 5),
	(1094, 130, 11, 5),
	(1095, 157, 11, 5),
	(1096, 283, 11, 5),
	(1097, 305, 11, 4),
	(1098, 91, 12, 5),
	(1099, 131, 12, 6),
	(1100, 166, 12, 5),
	(1101, 200, 12, 5),
	(1102, 203, 12, 5),
	(1103, 293, 12, 5),
	(1104, 298, 12, 5),
	(1105, 41, 13, 4),
	(1106, 54, 13, 5),
	(1107, 86, 13, 2),
	(1108, 129, 13, 4),
	(1109, 143, 13, 5),
	(1110, 162, 13, 5),
	(1111, 194, 13, 5),
	(1112, 204, 13, 5),
	(1113, 258, 13, 5),
	(1114, 274, 13, 4),
	(1115, 301, 13, 4),
	(1116, 103, 14, 5),
	(1117, 137, 14, 5),
	(1118, 142, 14, 4),
	(1119, 153, 14, 5),
	(1120, 171, 14, 5),
	(1121, 172, 14, 4),
	(1122, 179, 14, 4),
	(1123, 257, 14, 6),
	(1124, 279, 14, 5),
	(1125, 299, 14, 5),
	(1126, 304, 14, 5),
	(1127, 306, 14, 5),
	(1128, 42, 16, 4),
	(1129, 43, 16, 5),
	(1130, 58, 16, 5),
	(1131, 60, 16, 5),
	(1132, 97, 16, 5),
	(1133, 111, 16, 5),
	(1134, 195, 16, 5),
	(1135, 215, 16, 4),
	(1136, 240, 16, 5),
	(1137, 260, 16, 2),
	(1138, 2, 18, 6),
	(1139, 62, 18, 6),
	(1140, 120, 18, 6),
	(1141, 133, 18, 6),
	(1142, 167, 18, 6),
	(1143, 175, 18, 6),
	(1144, 211, 18, 6),
	(1145, 214, 18, 6),
	(1146, 219, 18, 6),
	(1147, 225, 18, 6),
	(1148, 248, 18, 6),
	(1149, 278, 18, 6),
	(1150, 53, 19, 5),
	(1151, 68, 19, 4),
	(1152, 71, 19, 5),
	(1153, 79, 19, 4),
	(1154, 81, 19, 5),
	(1155, 88, 19, 5),
	(1156, 107, 19, 4),
	(1157, 160, 19, 5),
	(1158, 161, 19, 4),
	(1159, 229, 19, 5),
	(1160, 255, 19, 5),
	(1161, 276, 19, 4),
	(1162, 290, 19, 5),
	(1163, 49, 20, 5),
	(1164, 105, 20, 5),
	(1165, 156, 20, 4),
	(1166, 254, 20, 4),
	(1167, 302, 20, 6),
	(1168, 80, 21, 4),
	(1169, 98, 21, 4),
	(1170, 121, 21, 5),
	(1171, 150, 21, 5),
	(1172, 155, 21, 5),
	(1173, 183, 21, 5),
	(1174, 190, 21, 5),
	(1175, 236, 21, 5),
	(1176, 238, 21, 5),
	(1177, 252, 21, 4),
	(1178, 259, 21, 5),
	(1179, 289, 21, 5),
	(1180, 4, 22, 4),
	(1181, 46, 22, 5),
	(1182, 69, 22, 4),
	(1183, 73, 22, 5),
	(1184, 77, 22, 5),
	(1185, 108, 22, 5),
	(1186, 136, 22, 5),
	(1187, 198, 22, 5),
	(1188, 220, 22, 5),
	(1189, 233, 22, 4),
	(1190, 245, 22, 5),
	(1191, 272, 22, 5),
	(1192, 275, 22, 2),
	(1193, 388, 22, 2),
	(1194, 389, 22, 5),
	(1195, 390, 22, 5),
	(1196, 391, 22, 1),
	(1197, 392, 22, 1),
	(1198, 393, 22, 5),
	(1199, 394, 22, 6),
	(1200, 395, 22, 6),
	(1201, 396, 22, 6),
	(1202, 397, 22, 6),
	(1203, 398, 22, 6),
	(1204, 399, 22, 6),
	(1205, 400, 22, 6),
	(1206, 401, 22, 6),
	(1207, 402, 22, 6),
	(1208, 8, 23, 5),
	(1209, 95, 23, 5),
	(1210, 104, 23, 4),
	(1211, 114, 23, 2),
	(1212, 146, 23, 5),
	(1213, 165, 23, 5),
	(1214, 212, 23, 6),
	(1215, 243, 23, 5),
	(1216, 249, 23, 5),
	(1217, 57, 24, 6),
	(1218, 147, 24, 6),
	(1219, 149, 24, 6),
	(1220, 56, 25, 5),
	(1221, 74, 25, 5),
	(1222, 84, 25, 5),
	(1223, 117, 25, 5),
	(1224, 122, 25, 5),
	(1225, 144, 25, 4),
	(1226, 148, 25, 5),
	(1227, 164, 25, 5),
	(1228, 173, 25, 5),
	(1229, 189, 25, 5),
	(1230, 193, 25, 5),
	(1231, 202, 25, 5),
	(1232, 205, 25, 6),
	(1233, 251, 25, 6),
	(1234, 277, 25, 6),
	(1235, 282, 25, 6),
	(1236, 3, 26, 5),
	(1237, 110, 26, 5),
	(1238, 132, 26, 5),
	(1239, 185, 26, 5),
	(1240, 186, 26, 5),
	(1241, 187, 26, 6),
	(1242, 188, 26, 5),
	(1243, 216, 26, 5),
	(1244, 242, 26, 5),
	(1245, 262, 26, 5),
	(1246, 265, 26, 6),
	(1247, 269, 26, 6),
	(1248, 351, 26, 6),
	(1249, 352, 26, 6),
	(1250, 353, 26, 6),
	(1251, 354, 26, 6),
	(1252, 355, 26, 6),
	(1253, 356, 26, 6),
	(1254, 357, 26, 6),
	(1255, 358, 26, 5),
	(1256, 359, 26, 1),
	(1257, 360, 26, 1),
	(1258, 361, 26, 1),
	(1259, 63, 27, 5),
	(1260, 217, 27, 5),
	(1261, 286, 27, 5),
	(1262, 8, 1, 6),
	(1263, 72, 1, 6),
	(1264, 119, 1, 6),
	(1265, 124, 1, 6),
	(1266, 275, 1, 6),
	(1267, 296, 1, 5),
	(1268, 60, 5, 6),
	(1269, 63, 5, 6),
	(1270, 79, 5, 5),
	(1271, 91, 5, 6),
	(1272, 97, 5, 6),
	(1273, 117, 5, 6),
	(1274, 123, 5, 6),
	(1275, 162, 5, 6),
	(1276, 165, 5, 6),
	(1277, 182, 5, 5),
	(1278, 211, 5, 5),
	(1279, 223, 5, 6),
	(1280, 231, 5, 6),
	(1281, 255, 5, 6),
	(1282, 297, 5, 6),
	(1283, 86, 6, 6),
	(1284, 98, 6, 6),
	(1285, 136, 6, 6),
	(1286, 178, 6, 6),
	(1287, 210, 6, 6),
	(1288, 226, 6, 5),
	(1289, 227, 6, 6),
	(1290, 242, 6, 6),
	(1291, 94, 8, 5),
	(1292, 114, 8, 4),
	(1293, 130, 8, 6),
	(1294, 151, 8, 4),
	(1295, 156, 8, 6),
	(1296, 159, 8, 4),
	(1297, 160, 8, 6),
	(1298, 193, 8, 4),
	(1299, 235, 8, 6),
	(1300, 236, 8, 6),
	(1301, 243, 8, 6),
	(1302, 259, 8, 6),
	(1303, 263, 8, 6),
	(1304, 294, 8, 6),
	(1305, 47, 9, 6),
	(1306, 59, 9, 5),
	(1307, 137, 9, 6),
	(1308, 142, 9, 5),
	(1309, 218, 9, 6),
	(1310, 221, 9, 6),
	(1311, 258, 9, 6),
	(1312, 304, 9, 6),
	(1313, 69, 10, 5),
	(1314, 127, 10, 6),
	(1315, 172, 10, 6),
	(1316, 173, 10, 6),
	(1317, 180, 10, 6),
	(1318, 215, 10, 6),
	(1319, 216, 10, 6),
	(1320, 224, 10, 6),
	(1321, 1, 11, 6),
	(1322, 6, 11, 6),
	(1323, 92, 11, 6),
	(1324, 99, 11, 5),
	(1325, 100, 11, 6),
	(1326, 107, 11, 5),
	(1327, 148, 11, 6),
	(1328, 177, 11, 6),
	(1329, 254, 11, 5),
	(1330, 257, 11, 4),
	(1331, 300, 11, 4),
	(1332, 376, 11, 5),
	(1333, 377, 11, 5),
	(1334, 7, 12, 6),
	(1335, 54, 12, 6),
	(1336, 104, 12, 5),
	(1337, 164, 12, 6),
	(1338, 245, 12, 6),
	(1339, 248, 12, 5),
	(1340, 250, 12, 6),
	(1341, 5, 13, 6),
	(1342, 90, 13, 4),
	(1343, 181, 13, 6),
	(1344, 200, 13, 6),
	(1345, 228, 13, 5),
	(1346, 274, 13, 6),
	(1347, 403, 13, 6),
	(1348, 409, 13, 5),
	(1349, 410, 13, 5),
	(1350, 411, 13, 5),
	(1351, 412, 13, 2),
	(1352, 413, 13, 2),
	(1353, 414, 13, 2),
	(1354, 436, 13, 5),
	(1355, 45, 14, 5),
	(1356, 93, 14, 6),
	(1357, 125, 14, 6),
	(1358, 146, 14, 6),
	(1359, 166, 14, 6),
	(1360, 183, 14, 6),
	(1361, 190, 14, 6),
	(1362, 219, 14, 5),
	(1363, 70, 16, 5),
	(1364, 84, 16, 6),
	(1365, 88, 16, 6),
	(1366, 105, 16, 6),
	(1367, 126, 16, 5),
	(1368, 161, 16, 6),
	(1369, 189, 16, 6),
	(1370, 237, 16, 5),
	(1371, 240, 16, 6),
	(1372, 241, 16, 4),
	(1373, 256, 16, 2),
	(1374, 266, 16, 4),
	(1375, 291, 16, 4),
	(1376, 299, 16, 6),
	(1377, 50, 19, 5),
	(1378, 83, 19, 6),
	(1379, 154, 19, 5),
	(1380, 157, 19, 6),
	(1381, 206, 19, 4),
	(1382, 272, 19, 6),
	(1383, 306, 19, 6),
	(1384, 51, 20, 6),
	(1385, 62, 20, 5),
	(1386, 68, 20, 6),
	(1387, 71, 20, 6),
	(1388, 111, 20, 6),
	(1389, 170, 20, 5),
	(1390, 202, 20, 4),
	(1391, 229, 20, 6),
	(1392, 249, 20, 6),
	(1393, 57, 21, 5),
	(1394, 85, 21, 6),
	(1395, 101, 21, 5),
	(1396, 134, 21, 6),
	(1397, 139, 21, 6),
	(1398, 179, 21, 6),
	(1399, 197, 21, 6),
	(1400, 198, 21, 6),
	(1401, 239, 21, 4),
	(1402, 262, 21, 6),
	(1403, 271, 21, 6),
	(1404, 279, 21, 6),
	(1405, 48, 22, 6),
	(1406, 73, 22, 6),
	(1407, 109, 22, 6),
	(1408, 3, 23, 6),
	(1409, 61, 23, 5),
	(1410, 75, 23, 5),
	(1411, 80, 23, 6),
	(1412, 81, 23, 6),
	(1413, 103, 23, 6),
	(1414, 121, 23, 6),
	(1415, 132, 23, 6),
	(1416, 251, 23, 5),
	(1417, 284, 23, 1),
	(1418, 288, 23, 5),
	(1419, 303, 23, 6),
	(1420, 359, 23, 5),
	(1421, 360, 23, 5),
	(1422, 362, 23, 1),
	(1423, 363, 23, 1),
	(1424, 42, 25, 6),
	(1425, 128, 25, 6),
	(1426, 135, 25, 6),
	(1427, 305, 25, 6),
	(1428, 122, 26, 6),
	(1429, 138, 26, 6),
	(1430, 4, 27, 5),
	(1431, 77, 27, 6),
	(1432, 108, 27, 6),
	(1433, 147, 27, 5),
	(1434, 264, 27, 5),
	(1435, 388, 27, 5),
	(1436, 389, 27, 4),
	(1437, 390, 27, 4),
	(1438, 391, 27, 5),
	(1439, 392, 27, 5),
	(1440, 393, 27, 6),
	(1441, 394, 27, 5),
	(1442, 395, 27, 5);
/*!40000 ALTER TABLE `resultats` ENABLE KEYS */;

/*!40101 SET SQL_MODE=IFNULL(@OLD_SQL_MODE, '') */;
/*!40014 SET FOREIGN_KEY_CHECKS=IF(@OLD_FOREIGN_KEY_CHECKS IS NULL, 1, @OLD_FOREIGN_KEY_CHECKS) */;
/*!40101 SET CHARACTER_SET_CLIENT=@OLD_CHARACTER_SET_CLIENT */;
